country,count,sum,mean
CA,3,45.5,15.166666666666666
US,3,53.0,17.666666666666668
