date,total
1996-01-01,2007
1996-01-02,2026
1996-01-03,2146
1996-01-04,2321
1996-01-05,2414
1996-01-06,2289
1996-01-07,2480
1996-01-08,2026
1996-01-09,2002
1996-01-10,2138
1996-01-11,2168
1996-01-12,2395
1996-01-13,2328
1996-01-14,2193
1996-01-15,1854
1996-01-16,1996
1996-01-17,2024
1996-01-18,2228
1996-01-19,2357
1996-01-20,2194
1996-01-21,2471
1996-01-22,1957
1996-01-23,2040
1996-01-24,1994
1996-01-25,2161
1996-01-26,2444
1996-01-27,2215
1996-01-28,2381
1996-01-29,1931
1996-01-30,2015
1996-01-31,2054
1996-02-01,2632
1996-02-02,2730
1996-02-03,2494
1996-02-04,2713
1996-02-05,2119
1996-02-06,2300
1996-02-07,2193
1996-02-08,2357
1996-02-09,2750
1996-02-10,2657
1996-02-11,2653
1996-02-12,2204
1996-02-13,2260
1996-02-14,2233
1996-02-15,2410
1996-02-16,2687
1996-02-17,2686
1996-02-18,2669
1996-02-19,2077
1996-02-20,2310
1996-02-21,2323
1996-02-22,2414
1996-02-23,2790
1996-02-24,2683
1996-02-25,2723
1996-02-26,2148
1996-02-27,2259
1996-02-28,2382
1996-02-29,2557
1996-03-01,2874
1996-03-02,2754
1996-03-03,2713
1996-03-04,2270
1996-03-05,2514
1996-03-06,2640
1996-03-07,2639
1996-03-08,3026
1996-03-09,2807
1996-03-10,2759
1996-03-11,2399
1996-03-12,2576
1996-03-13,2517
1996-03-14,2791
1996-03-15,2655
1996-03-16,2852
1996-03-17,2831
1996-03-18,2344
1996-03-19,2452
1996-03-20,2345
1996-03-21,2626
1996-03-22,2960
1996-03-23,2916
1996-03-24,2771
1996-03-25,2302
1996-03-26,2402
1996-03-27,2601
1996-03-28,2677
1996-03-29,2869
1996-03-30,2822
1996-03-31,2832
1996-04-01,2745
1996-04-02,2672
1996-04-03,2792
1996-04-04,2925
1996-04-05,3108
1996-04-06,3139
1996-04-07,3192
1996-04-08,2655
1996-04-09,2717
1996-04-10,2684
1996-04-11,2922
1996-04-12,3237
1996-04-13,3019
1996-04-14,3145
1996-04-15,2692
1996-04-16,2920
1996-04-17,2841
1996-04-18,2992
1996-04-19,3267
1996-04-20,2898
1996-04-21,3160
1996-04-22,2660
1996-04-23,2976
1996-04-24,2805
1996-04-25,2997
1996-04-26,3272
1996-04-27,2979
1996-04-28,3290
1996-04-29,2725
1996-04-30,2815
1996-05-01,2554
1996-05-02,2906
1996-05-03,2910
1996-05-04,2961
1996-05-05,3181
1996-05-06,2394
1996-05-07,2508
1996-05-08,2647
1996-05-09,2721
1996-05-10,2894
1996-05-11,2909
1996-05-12,2845
1996-05-13,2521
1996-05-14,2476
1996-05-15,2781
1996-05-16,2694
1996-05-17,3025
1996-05-18,2984
1996-05-19,2827
1996-05-20,2499
1996-05-21,2676
1996-05-22,2490
1996-05-23,2788
1996-05-24,3088
1996-05-25,2981
1996-05-26,2827
1996-05-27,2365
1996-05-28,2606
1996-05-29,2665
1996-05-30,2794
1996-05-31,3097
1996-06-01,3174
1996-06-02,3337
1996-06-03,2807
1996-06-04,2795
1996-06-05,3149
1996-06-06,3155
1996-06-07,3286
1996-06-08,3326
1996-06-09,3198
1996-06-10,2855
1996-06-11,2983
1996-06-12,2871
1996-06-13,3208
1996-06-14,3478
1996-06-15,3345
1996-06-16,3530
1996-06-17,2755
1996-06-18,2792
1996-06-19,2864
1996-06-20,3015
1996-06-21,3419
1996-06-22,3290
1996-06-23,3343
1996-06-24,2859
1996-06-25,2868
1996-06-26,3106
1996-06-27,3075
1996-06-28,3755
1996-06-29,3323
1996-06-30,3211
1996-07-01,2942
1996-07-02,3207
1996-07-03,3226
1996-07-04,3499
1996-07-05,3834
1996-07-06,3568
1996-07-07,3534
1996-07-08,2894
1996-07-09,3105
1996-07-10,3349
1996-07-11,3440
1996-07-12,3607
1996-07-13,3598
1996-07-14,3691
1996-07-15,2962
1996-07-16,3171
1996-07-17,3258
1996-07-18,3278
1996-07-19,3819
1996-07-20,3647
1996-07-21,3780
1996-07-22,3169
1996-07-23,3002
1996-07-24,3145
1996-07-25,3476
1996-07-26,3840
1996-07-27,3641
1996-07-28,4133
1996-07-29,3118
1996-07-30,3279
1996-07-31,3360
1996-08-01,3497
1996-08-02,3735
1996-08-03,3677
1996-08-04,3548
1996-08-05,3035
1996-08-06,3105
1996-08-07,3265
1996-08-08,3696
1996-08-09,3530
1996-08-10,3668
1996-08-11,3441
1996-08-12,3010
1996-08-13,3279
1996-08-14,3263
1996-08-15,3290
1996-08-16,3682
1996-08-17,3667
1996-08-18,3553
1996-08-19,3084
1996-08-20,3163
1996-08-21,3182
1996-08-22,3675
1996-08-23,3861
1996-08-24,3328
1996-08-25,3670
1996-08-26,2990
1996-08-27,3252
1996-08-28,3166
1996-08-29,3405
1996-08-30,3844
1996-08-31,3690
1996-09-01,3444
1996-09-02,2982
1996-09-03,3062
1996-09-04,3136
1996-09-05,3578
1996-09-06,3776
1996-09-07,3375
1996-09-08,3710
1996-09-09,3241
1996-09-10,3226
1996-09-11,3039
1996-09-12,3313
1996-09-13,3888
1996-09-14,3443
1996-09-15,3651
1996-09-16,3099
1996-09-17,3012
1996-09-18,3203
1996-09-19,2988
1996-09-20,3590
1996-09-21,3500
1996-09-22,3438
1996-09-23,3190
1996-09-24,2958
1996-09-25,3160
1996-09-26,3386
1996-09-27,3911
1996-09-28,3353
1996-09-29,3741
1996-09-30,3018
1996-10-01,2436
1996-10-02,2642
1996-10-03,2749
1996-10-04,2953
1996-10-05,2867
1996-10-06,2873
1996-10-07,2454
1996-10-08,2581
1996-10-09,2745
1996-10-10,2612
1996-10-11,3241
1996-10-12,2665
1996-10-13,2897
1996-10-14,2495
1996-10-15,2547
1996-10-16,2544
1996-10-17,2710
1996-10-18,2964
1996-10-19,2801
1996-10-20,2999
1996-10-21,2475
1996-10-22,2461
1996-10-23,2682
1996-10-24,2760
1996-10-25,3102
1996-10-26,2923
1996-10-27,2828
1996-10-28,2396
1996-10-29,2588
1996-10-30,2656
1996-10-31,2728
1996-11-01,2721
1996-11-02,2685
1996-11-03,2563
1996-11-04,2238
1996-11-05,2250
1996-11-06,2319
1996-11-07,2548
1996-11-08,2788
1996-11-09,2643
1996-11-10,2736
1996-11-11,2198
1996-11-12,2320
1996-11-13,2311
1996-11-14,2481
1996-11-15,2698
1996-11-16,2579
1996-11-17,2671
1996-11-18,2133
1996-11-19,2432
1996-11-20,2254
1996-11-21,2349
1996-11-22,2820
1996-11-23,2641
1996-11-24,2674
1996-11-25,2244
1996-11-26,2265
1996-11-27,2263
1996-11-28,2460
1996-11-29,2646
1996-11-30,2658
1996-12-01,2324
1996-12-02,1904
1996-12-03,2001
1996-12-04,2116
1996-12-05,2147
1996-12-06,2350
1996-12-07,2314
1996-12-08,2356
1996-12-09,1926
1996-12-10,1990
1996-12-11,2103
1996-12-12,2079
1996-12-13,2301
1996-12-14,2237
1996-12-15,2319
1996-12-16,1982
1996-12-17,2128
1996-12-18,2149
1996-12-19,2178
1996-12-20,2418
1996-12-21,2214
1996-12-22,2335
1996-12-23,1941
1996-12-24,2046
1996-12-25,2026
1996-12-26,2230
1996-12-27,2550
1996-12-28,2286
1996-12-29,2369
1996-12-30,2008
1996-12-31,1995
1997-01-01,2128
1997-01-02,2218
1997-01-03,2457
1997-01-04,2259
1997-01-05,2367
1997-01-06,2019
1997-01-07,2152
1997-01-08,2182
1997-01-09,2384
1997-01-10,2383
1997-01-11,2393
1997-01-12,2380
1997-01-13,2137
1997-01-14,1990
1997-01-15,2049
1997-01-16,2170
1997-01-17,2267
1997-01-18,2280
1997-01-19,2302
1997-01-20,1995
1997-01-21,2072
1997-01-22,2250
1997-01-23,2291
1997-01-24,2400
1997-01-25,2249
1997-01-26,2405
1997-01-27,1893
1997-01-28,2179
1997-01-29,2198
1997-01-30,2180
1997-01-31,2302
1997-02-01,2848
1997-02-02,2758
1997-02-03,2424
1997-02-04,2264
1997-02-05,2420
1997-02-06,2596
1997-02-07,2872
1997-02-08,2676
1997-02-09,2829
1997-02-10,2237
1997-02-11,2386
1997-02-12,2482
1997-02-13,2642
1997-02-14,2939
1997-02-15,2612
1997-02-16,2620
1997-02-17,2428
1997-02-18,2426
1997-02-19,2407
1997-02-20,2737
1997-02-21,2879
1997-02-22,2832
1997-02-23,2775
1997-02-24,2491
1997-02-25,2545
1997-02-26,2451
1997-02-27,2684
1997-02-28,2932
1997-03-01,3027
1997-03-02,2841
1997-03-03,2527
1997-03-04,2641
1997-03-05,2464
1997-03-06,2643
1997-03-07,2828
1997-03-08,2861
1997-03-09,3015
1997-03-10,2598
1997-03-11,2554
1997-03-12,2775
1997-03-13,2624
1997-03-14,2864
1997-03-15,2883
1997-03-16,2980
1997-03-17,2465
1997-03-18,2363
1997-03-19,2617
1997-03-20,2631
1997-03-21,3117
1997-03-22,2925
1997-03-23,2844
1997-03-24,2424
1997-03-25,2452
1997-03-26,2620
1997-03-27,2849
1997-03-28,2941
1997-03-29,2939
1997-03-30,2886
1997-03-31,2400
1997-04-01,2797
1997-04-02,2789
1997-04-03,2980
1997-04-04,3216
1997-04-05,3402
1997-04-06,3245
1997-04-07,2654
1997-04-08,2828
1997-04-09,2883
1997-04-10,3015
1997-04-11,3429
1997-04-12,3268
1997-04-13,3181
1997-04-14,2666
1997-04-15,2780
1997-04-16,2661
1997-04-17,2878
1997-04-18,3518
1997-04-19,3367
1997-04-20,3213
1997-04-21,2775
1997-04-22,2838
1997-04-23,3206
1997-04-24,3158
1997-04-25,3342
1997-04-26,3077
1997-04-27,3059
1997-04-28,2740
1997-04-29,2733
1997-04-30,2750
1997-05-01,2759
1997-05-02,3001
1997-05-03,3132
1997-05-04,3104
1997-05-05,2527
1997-05-06,2743
1997-05-07,2696
1997-05-08,2738
1997-05-09,3285
1997-05-10,3013
1997-05-11,2902
1997-05-12,2511
1997-05-13,2528
1997-05-14,2559
1997-05-15,2915
1997-05-16,3327
1997-05-17,2813
1997-05-18,3071
1997-05-19,2470
1997-05-20,2564
1997-05-21,2633
1997-05-22,2738
1997-05-23,3124
1997-05-24,2872
1997-05-25,3040
1997-05-26,2523
1997-05-27,2586
1997-05-28,2603
1997-05-29,2766
1997-05-30,3201
1997-05-31,3009
1997-06-01,3366
1997-06-02,2935
1997-06-03,3098
1997-06-04,2930
1997-06-05,3329
1997-06-06,3526
1997-06-07,3491
1997-06-08,3392
1997-06-09,2740
1997-06-10,2846
1997-06-11,3117
1997-06-12,3297
1997-06-13,3495
1997-06-14,3499
1997-06-15,3282
1997-06-16,2918
1997-06-17,2890
1997-06-18,3041
1997-06-19,3273
1997-06-20,3501
1997-06-21,3377
1997-06-22,3608
1997-06-23,2866
1997-06-24,3107
1997-06-25,2989
1997-06-26,3328
1997-06-27,3792
1997-06-28,3127
1997-06-29,3388
1997-06-30,2984
1997-07-01,3219
1997-07-02,3385
1997-07-03,3435
1997-07-04,3888
1997-07-05,3656
1997-07-06,3896
1997-07-07,3169
1997-07-08,3280
1997-07-09,3294
1997-07-10,3449
1997-07-11,3818
1997-07-12,3727
1997-07-13,3688
1997-07-14,3173
1997-07-15,3477
1997-07-16,3444
1997-07-17,3469
1997-07-18,4040
1997-07-19,3624
1997-07-20,3476
1997-07-21,3031
1997-07-22,3029
1997-07-23,3301
1997-07-24,3511
1997-07-25,4104
1997-07-26,3718
1997-07-27,3714
1997-07-28,3233
1997-07-29,2991
1997-07-30,3369
1997-07-31,3604
1997-08-01,3654
1997-08-02,3800
1997-08-03,3764
1997-08-04,3077
1997-08-05,3293
1997-08-06,3586
1997-08-07,3510
1997-08-08,3886
1997-08-09,3595
1997-08-10,3609
1997-08-11,3213
1997-08-12,3125
1997-08-13,3330
1997-08-14,3429
1997-08-15,3918
1997-08-16,3696
1997-08-17,3855
1997-08-18,3067
1997-08-19,3191
1997-08-20,3208
1997-08-21,3433
1997-08-22,3904
1997-08-23,3750
1997-08-24,3600
1997-08-25,3217
1997-08-26,3375
1997-08-27,3370
1997-08-28,3717
1997-08-29,3749
1997-08-30,3495
1997-08-31,3489
1997-09-01,3236
1997-09-02,3246
1997-09-03,3265
1997-09-04,3469
1997-09-05,3645
1997-09-06,3907
1997-09-07,3681
1997-09-08,3087
1997-09-09,3254
1997-09-10,3326
1997-09-11,3462
1997-09-12,3690
1997-09-13,3658
1997-09-14,3905
1997-09-15,3220
1997-09-16,3350
1997-09-17,3213
1997-09-18,3316
1997-09-19,3778
1997-09-20,3606
1997-09-21,3804
1997-09-22,2893
1997-09-23,3343
1997-09-24,3253
1997-09-25,3384
1997-09-26,3660
1997-09-27,3390
1997-09-28,3770
1997-09-29,3083
1997-09-30,3030
1997-10-01,2542
1997-10-02,2763
1997-10-03,3269
1997-10-04,2902
1997-10-05,2825
1997-10-06,2481
1997-10-07,2558
1997-10-08,2411
1997-10-09,2791
1997-10-10,3064
1997-10-11,3000
1997-10-12,3175
1997-10-13,2602
1997-10-14,2559
1997-10-15,2560
1997-10-16,3048
1997-10-17,3095
1997-10-18,2930
1997-10-19,2980
1997-10-20,2520
1997-10-21,2570
1997-10-22,2609
1997-10-23,2742
1997-10-24,3085
1997-10-25,2873
1997-10-26,2908
1997-10-27,2512
1997-10-28,2560
1997-10-29,2803
1997-10-30,2536
1997-10-31,3207
1997-11-01,2783
1997-11-02,2518
1997-11-03,2251
1997-11-04,2321
1997-11-05,2305
1997-11-06,2476
1997-11-07,2703
1997-11-08,2830
1997-11-09,2804
1997-11-10,2380
1997-11-11,2411
1997-11-12,2328
1997-11-13,2499
1997-11-14,2860
1997-11-15,2552
1997-11-16,2783
1997-11-17,2259
1997-11-18,2320
1997-11-19,2484
1997-11-20,2585
1997-11-21,2776
1997-11-22,2775
1997-11-23,2612
1997-11-24,2328
1997-11-25,2400
1997-11-26,2398
1997-11-27,2574
1997-11-28,2689
1997-11-29,2753
1997-11-30,2697
1997-12-01,1983
1997-12-02,2161
1997-12-03,2096
1997-12-04,2145
1997-12-05,2357
1997-12-06,2414
1997-12-07,2299
1997-12-08,2144
1997-12-09,1933
1997-12-10,2277
1997-12-11,2273
1997-12-12,2485
1997-12-13,2319
1997-12-14,2441
1997-12-15,2018
1997-12-16,2165
1997-12-17,2158
1997-12-18,2269
1997-12-19,2461
1997-12-20,2359
1997-12-21,2433
1997-12-22,1899
1997-12-23,1986
1997-12-24,2205
1997-12-25,2270
1997-12-26,2477
1997-12-27,2366
1997-12-28,2436
1997-12-29,1982
1997-12-30,2028
1997-12-31,2164
1998-01-01,2202
1998-01-02,2555
1998-01-03,2246
1998-01-04,2519
1998-01-05,2075
1998-01-06,2125
1998-01-07,2246
1998-01-08,2413
1998-01-09,2608
1998-01-10,2235
1998-01-11,2323
1998-01-12,1996
1998-01-13,2108
1998-01-14,2211
1998-01-15,2222
1998-01-16,2535
1998-01-17,2325
1998-01-18,2380
1998-01-19,1941
1998-01-20,2038
1998-01-21,2069
1998-01-22,2202
1998-01-23,2612
1998-01-24,2309
1998-01-25,2656
1998-01-26,2076
1998-01-27,2120
1998-01-28,2106
1998-01-29,2336
1998-01-30,2468
1998-01-31,2399
1998-02-01,3091
1998-02-02,2373
1998-02-03,2555
1998-02-04,2470
1998-02-05,2656
1998-02-06,3120
1998-02-07,2725
1998-02-08,3016
1998-02-09,2440
1998-02-10,2408
1998-02-11,2589
1998-02-12,2750
1998-02-13,3002
1998-02-14,2633
1998-02-15,2764
1998-02-16,2360
1998-02-17,2450
1998-02-18,2588
1998-02-19,2676
1998-02-20,2800
1998-02-21,2823
1998-02-22,2897
1998-02-23,2427
1998-02-24,2550
1998-02-25,2606
1998-02-26,2702
1998-02-27,2931
1998-02-28,2624
1998-03-01,3037
1998-03-02,2529
1998-03-03,2616
1998-03-04,2552
1998-03-05,2699
1998-03-06,3213
1998-03-07,2935
1998-03-08,3063
1998-03-09,2514
1998-03-10,2594
1998-03-11,2759
1998-03-12,2754
1998-03-13,3109
1998-03-14,2891
1998-03-15,2947
1998-03-16,2484
1998-03-17,2612
1998-03-18,2627
1998-03-19,2928
1998-03-20,3002
1998-03-21,2919
1998-03-22,2946
1998-03-23,2638
1998-03-24,2609
1998-03-25,2768
1998-03-26,2659
1998-03-27,3128
1998-03-28,3030
1998-03-29,3001
1998-03-30,2605
1998-03-31,2544
1998-04-01,3086
1998-04-02,3336
1998-04-03,3368
1998-04-04,3184
1998-04-05,3461
1998-04-06,2917
1998-04-07,2800
1998-04-08,2897
1998-04-09,3057
1998-04-10,3251
1998-04-11,3131
1998-04-12,3178
1998-04-13,2690
1998-04-14,2849
1998-04-15,2965
1998-04-16,3255
1998-04-17,3292
1998-04-18,3346
1998-04-19,3269
1998-04-20,2759
1998-04-21,2920
1998-04-22,2825
1998-04-23,3129
1998-04-24,3431
1998-04-25,3290
1998-04-26,3327
1998-04-27,3002
1998-04-28,2789
1998-04-29,2886
1998-04-30,3020
1998-05-01,3104
1998-05-02,2935
1998-05-03,3184
1998-05-04,2693
1998-05-05,2594
1998-05-06,2650
1998-05-07,2913
1998-05-08,3105
1998-05-09,3068
1998-05-10,3078
1998-05-11,2429
1998-05-12,2791
1998-05-13,2901
1998-05-14,2804
1998-05-15,3123
1998-05-16,3032
1998-05-17,3092
1998-05-18,2624
1998-05-19,2833
1998-05-20,2712
1998-05-21,2785
1998-05-22,3013
1998-05-23,2925
1998-05-24,3053
1998-05-25,2726
1998-05-26,2599
1998-05-27,2750
1998-05-28,2864
1998-05-29,3297
1998-05-30,3267
1998-05-31,3000
1998-06-01,2874
1998-06-02,3127
1998-06-03,3184
1998-06-04,3477
1998-06-05,3682
1998-06-06,3378
1998-06-07,3555
1998-06-08,3037
1998-06-09,3104
1998-06-10,3165
1998-06-11,3388
1998-06-12,3756
1998-06-13,3587
1998-06-14,3563
1998-06-15,2907
1998-06-16,3032
1998-06-17,3242
1998-06-18,3172
1998-06-19,3654
1998-06-20,3374
1998-06-21,3487
1998-06-22,3054
1998-06-23,3037
1998-06-24,3115
1998-06-25,3110
1998-06-26,3702
1998-06-27,3499
1998-06-28,3747
1998-06-29,2892
1998-06-30,3040
1998-07-01,3434
1998-07-02,3771
1998-07-03,3935
1998-07-04,3781
1998-07-05,3894
1998-07-06,3221
1998-07-07,3250
1998-07-08,3427
1998-07-09,3708
1998-07-10,3807
1998-07-11,3762
1998-07-12,3719
1998-07-13,3334
1998-07-14,3126
1998-07-15,3337
1998-07-16,3621
1998-07-17,4165
1998-07-18,3736
1998-07-19,3738
1998-07-20,3410
1998-07-21,3134
1998-07-22,3142
1998-07-23,3629
1998-07-24,3879
1998-07-25,3610
1998-07-26,3907
1998-07-27,3227
1998-07-28,3237
1998-07-29,3251
1998-07-30,3683
1998-07-31,4038
1998-08-01,3738
1998-08-02,4066
1998-08-03,3085
1998-08-04,3131
1998-08-05,3327
1998-08-06,3575
1998-08-07,3989
1998-08-08,3719
1998-08-09,3866
1998-08-10,3065
1998-08-11,3475
1998-08-12,3400
1998-08-13,3720
1998-08-14,4003
1998-08-15,3811
1998-08-16,3895
1998-08-17,3255
1998-08-18,3382
1998-08-19,3568
1998-08-20,3605
1998-08-21,4053
1998-08-22,3739
1998-08-23,4011
1998-08-24,3129
1998-08-25,3516
1998-08-26,3405
1998-08-27,3401
1998-08-28,3973
1998-08-29,3661
1998-08-30,3931
1998-08-31,3132
1998-09-01,3235
1998-09-02,3164
1998-09-03,3501
1998-09-04,3596
1998-09-05,3520
1998-09-06,3895
1998-09-07,3272
1998-09-08,3335
1998-09-09,3273
1998-09-10,3551
1998-09-11,3929
1998-09-12,3576
1998-09-13,3994
1998-09-14,3282
1998-09-15,3261
1998-09-16,3391
1998-09-17,3583
1998-09-18,3649
1998-09-19,3694
1998-09-20,3704
1998-09-21,3073
1998-09-22,3254
1998-09-23,3601
1998-09-24,3637
1998-09-25,3851
1998-09-26,3801
1998-09-27,3980
1998-09-28,3288
1998-09-29,3293
1998-09-30,3311
1998-10-01,2886
1998-10-02,3155
1998-10-03,3044
1998-10-04,3072
1998-10-05,2615
1998-10-06,2554
1998-10-07,2807
1998-10-08,2837
1998-10-09,3339
1998-10-10,2880
1998-10-11,3188
1998-10-12,2540
1998-10-13,2543
1998-10-14,2638
1998-10-15,2786
1998-10-16,3159
1998-10-17,3005
1998-10-18,2945
1998-10-19,2520
1998-10-20,2798
1998-10-21,2845
1998-10-22,2860
1998-10-23,3117
1998-10-24,2964
1998-10-25,3070
1998-10-26,2432
1998-10-27,2579
1998-10-28,2526
1998-10-29,2857
1998-10-30,3183
1998-10-31,2902
1998-11-01,2938
1998-11-02,2237
1998-11-03,2288
1998-11-04,2506
1998-11-05,2706
1998-11-06,3054
1998-11-07,2691
1998-11-08,2890
1998-11-09,2334
1998-11-10,2397
1998-11-11,2563
1998-11-12,2670
1998-11-13,2725
1998-11-14,2876
1998-11-15,2919
1998-11-16,2286
1998-11-17,2445
1998-11-18,2529
1998-11-19,2635
1998-11-20,2829
1998-11-21,2671
1998-11-22,2782
1998-11-23,2433
1998-11-24,2458
1998-11-25,2454
1998-11-26,2681
1998-11-27,2597
1998-11-28,2845
1998-11-29,2615
1998-11-30,2308
1998-12-01,2031
1998-12-02,2080
1998-12-03,2381
1998-12-04,2486
1998-12-05,2426
1998-12-06,2436
1998-12-07,2082
1998-12-08,2119
1998-12-09,2081
1998-12-10,2367
1998-12-11,2484
1998-12-12,2266
1998-12-13,2404
1998-12-14,2156
1998-12-15,2176
1998-12-16,2152
1998-12-17,2260
1998-12-18,2499
1998-12-19,2571
1998-12-20,2473
1998-12-21,2079
1998-12-22,2190
1998-12-23,2197
1998-12-24,2267
1998-12-25,2510
1998-12-26,2391
1998-12-27,2437
1998-12-28,2100
1998-12-29,2117
1998-12-30,2235
1998-12-31,2281
1999-01-01,2549
1999-01-02,2242
1999-01-03,2533
1999-01-04,2085
1999-01-05,2200
1999-01-06,1969
1999-01-07,2469
1999-01-08,2530
1999-01-09,2504
1999-01-10,2365
1999-01-11,2104
1999-01-12,2047
1999-01-13,2144
1999-01-14,2455
1999-01-15,2525
1999-01-16,2429
1999-01-17,2529
1999-01-18,2096
1999-01-19,2137
1999-01-20,2219
1999-01-21,2495
1999-01-22,2537
1999-01-23,2428
1999-01-24,2545
1999-01-25,2140
1999-01-26,2214
1999-01-27,2240
1999-01-28,2209
1999-01-29,2687
1999-01-30,2314
1999-01-31,2480
1999-02-01,2398
1999-02-02,2536
1999-02-03,2650
1999-02-04,2782
1999-02-05,3084
1999-02-06,3045
1999-02-07,2981
1999-02-08,2442
1999-02-09,2627
1999-02-10,2729
1999-02-11,2633
1999-02-12,3103
1999-02-13,2953
1999-02-14,2904
1999-02-15,2581
1999-02-16,2528
1999-02-17,2631
1999-02-18,2734
1999-02-19,3041
1999-02-20,2771
1999-02-21,2786
1999-02-22,2600
1999-02-23,2466
1999-02-24,2529
1999-02-25,2544
1999-02-26,2971
1999-02-27,2748
1999-02-28,3103
1999-03-01,2667
1999-03-02,2594
1999-03-03,2956
1999-03-04,2976
1999-03-05,3143
1999-03-06,2751
1999-03-07,3315
1999-03-08,2451
1999-03-09,2505
1999-03-10,2838
1999-03-11,3123
1999-03-12,3333
1999-03-13,3074
1999-03-14,3133
1999-03-15,2653
1999-03-16,2729
1999-03-17,2767
1999-03-18,2888
1999-03-19,3172
1999-03-20,2935
1999-03-21,3039
1999-03-22,2423
1999-03-23,2649
1999-03-24,2645
1999-03-25,2766
1999-03-26,3199
1999-03-27,3161
1999-03-28,3168
1999-03-29,2434
1999-03-30,2566
1999-03-31,2830
1999-04-01,3065
1999-04-02,3479
1999-04-03,3389
1999-04-04,3271
1999-04-05,2852
1999-04-06,2795
1999-04-07,2959
1999-04-08,3210
1999-04-09,3311
1999-04-10,3377
1999-04-11,3383
1999-04-12,2897
1999-04-13,2955
1999-04-14,3167
1999-04-15,3188
1999-04-16,3454
1999-04-17,3339
1999-04-18,3450
1999-04-19,2846
1999-04-20,2936
1999-04-21,2949
1999-04-22,3100
1999-04-23,3334
1999-04-24,3529
1999-04-25,3238
1999-04-26,2773
1999-04-27,2859
1999-04-28,3118
1999-04-29,3141
1999-04-30,3660
1999-05-01,3030
1999-05-02,3190
1999-05-03,2574
1999-05-04,2942
1999-05-05,2704
1999-05-06,2994
1999-05-07,3345
1999-05-08,3148
1999-05-09,3139
1999-05-10,2640
1999-05-11,2741
1999-05-12,2806
1999-05-13,3062
1999-05-14,3526
1999-05-15,3043
1999-05-16,3008
1999-05-17,2644
1999-05-18,2983
1999-05-19,2742
1999-05-20,3132
1999-05-21,3465
1999-05-22,3043
1999-05-23,3222
1999-05-24,2803
1999-05-25,2700
1999-05-26,2801
1999-05-27,2902
1999-05-28,3156
1999-05-29,3033
1999-05-30,3024
1999-05-31,2655
1999-06-01,3052
1999-06-02,3260
1999-06-03,3210
1999-06-04,3795
1999-06-05,3661
1999-06-06,3369
1999-06-07,3079
1999-06-08,3271
1999-06-09,3097
1999-06-10,3594
1999-06-11,3806
1999-06-12,3469
1999-06-13,3615
1999-06-14,3099
1999-06-15,3145
1999-06-16,3295
1999-06-17,3286
1999-06-18,3773
1999-06-19,3381
1999-06-20,3608
1999-06-21,2944
1999-06-22,3056
1999-06-23,3374
1999-06-24,3525
1999-06-25,3831
1999-06-26,3421
1999-06-27,3582
1999-06-28,3169
1999-06-29,3152
1999-06-30,3496
1999-07-01,3707
1999-07-02,4067
1999-07-03,3789
1999-07-04,3919
1999-07-05,3256
1999-07-06,3462
1999-07-07,3599
1999-07-08,3556
1999-07-09,3852
1999-07-10,3585
1999-07-11,3970
1999-07-12,3147
1999-07-13,3124
1999-07-14,3530
1999-07-15,3976
1999-07-16,4039
1999-07-17,3943
1999-07-18,3912
1999-07-19,3262
1999-07-20,3487
1999-07-21,3447
1999-07-22,3691
1999-07-23,4085
1999-07-24,3741
1999-07-25,4036
1999-07-26,3254
1999-07-27,3289
1999-07-28,3548
1999-07-29,3542
1999-07-30,4044
1999-07-31,3830
1999-08-01,4104
1999-08-02,3373
1999-08-03,3421
1999-08-04,3631
1999-08-05,3887
1999-08-06,4174
1999-08-07,3884
1999-08-08,3772
1999-08-09,3194
1999-08-10,3387
1999-08-11,3454
1999-08-12,3682
1999-08-13,4103
1999-08-14,3955
1999-08-15,3944
1999-08-16,3374
1999-08-17,3432
1999-08-18,3286
1999-08-19,3584
1999-08-20,4074
1999-08-21,3718
1999-08-22,4036
1999-08-23,3496
1999-08-24,3570
1999-08-25,3503
1999-08-26,3900
1999-08-27,4116
1999-08-28,3837
1999-08-29,3868
1999-08-30,3283
1999-08-31,3377
1999-09-01,3499
1999-09-02,3672
1999-09-03,4035
1999-09-04,3884
1999-09-05,4057
1999-09-06,3378
1999-09-07,3198
1999-09-08,3167
1999-09-09,3771
1999-09-10,3841
1999-09-11,3795
1999-09-12,3736
1999-09-13,3063
1999-09-14,3437
1999-09-15,3570
1999-09-16,3578
1999-09-17,3668
1999-09-18,3752
1999-09-19,3949
1999-09-20,3100
1999-09-21,3395
1999-09-22,3476
1999-09-23,3726
1999-09-24,4051
1999-09-25,3695
1999-09-26,4058
1999-09-27,3251
1999-09-28,3370
1999-09-29,3364
1999-09-30,3595
1999-10-01,3102
1999-10-02,3017
1999-10-03,3275
1999-10-04,2469
1999-10-05,2525
1999-10-06,2901
1999-10-07,2876
1999-10-08,3126
1999-10-09,3146
1999-10-10,3025
1999-10-11,2759
1999-10-12,2740
1999-10-13,2712
1999-10-14,3116
1999-10-15,3133
1999-10-16,3114
1999-10-17,3123
1999-10-18,2712
1999-10-19,2823
1999-10-20,2762
1999-10-21,2821
1999-10-22,3252
1999-10-23,2963
1999-10-24,3308
1999-10-25,2606
1999-10-26,2642
1999-10-27,2777
1999-10-28,2761
1999-10-29,3092
1999-10-30,3163
1999-10-31,3019
1999-11-01,2309
1999-11-02,2520
1999-11-03,2656
1999-11-04,2745
1999-11-05,3061
1999-11-06,2731
1999-11-07,2714
1999-11-08,2523
1999-11-09,2446
1999-11-10,2528
1999-11-11,2802
1999-11-12,3016
1999-11-13,2850
1999-11-14,3072
1999-11-15,2343
1999-11-16,2554
1999-11-17,2555
1999-11-18,2703
1999-11-19,3116
1999-11-20,2855
1999-11-21,2910
1999-11-22,2487
1999-11-23,2442
1999-11-24,2475
1999-11-25,2580
1999-11-26,2754
1999-11-27,3007
1999-11-28,2746
1999-11-29,2378
1999-11-30,2450
1999-12-01,2218
1999-12-02,2370
1999-12-03,2622
1999-12-04,2365
1999-12-05,2444
1999-12-06,2083
1999-12-07,2110
1999-12-08,2318
1999-12-09,2344
1999-12-10,2611
1999-12-11,2470
1999-12-12,2559
1999-12-13,2076
1999-12-14,2032
1999-12-15,2225
1999-12-16,2252
1999-12-17,2499
1999-12-18,2464
1999-12-19,2565
1999-12-20,2064
1999-12-21,2152
1999-12-22,2325
1999-12-23,2324
1999-12-24,2778
1999-12-25,2462
1999-12-26,2307
1999-12-27,2117
1999-12-28,2157
1999-12-29,2294
1999-12-30,2359
1999-12-31,2533
2000-01-01,2405
2000-01-02,2540
2000-01-03,2084
2000-01-04,2171
2000-01-05,2332
2000-01-06,2539
2000-01-07,2687
2000-01-08,2408
2000-01-09,2598
2000-01-10,2237
2000-01-11,2169
2000-01-12,2274
2000-01-13,2400
2000-01-14,2577
2000-01-15,2570
2000-01-16,2548
2000-01-17,2179
2000-01-18,2147
2000-01-19,2250
2000-01-20,2459
2000-01-21,2615
2000-01-22,2665
2000-01-23,2523
2000-01-24,2164
2000-01-25,2288
2000-01-26,2171
2000-01-27,2251
2000-01-28,2509
2000-01-29,2624
2000-01-30,2509
2000-01-31,2340
2000-02-01,2440
2000-02-02,2583
2000-02-03,2840
2000-02-04,3186
2000-02-05,3027
2000-02-06,2996
2000-02-07,2499
2000-02-08,2541
2000-02-09,2637
2000-02-10,2643
2000-02-11,2892
2000-02-12,2823
2000-02-13,2857
2000-02-14,2374
2000-02-15,2550
2000-02-16,2652
2000-02-17,2703
2000-02-18,3131
2000-02-19,2710
2000-02-20,2855
2000-02-21,2352
2000-02-22,2327
2000-02-23,2559
2000-02-24,2683
2000-02-25,3135
2000-02-26,2886
2000-02-27,2772
2000-02-28,2569
2000-02-29,2596
2000-03-01,2864
2000-03-02,2923
2000-03-03,3146
2000-03-04,3047
2000-03-05,3263
2000-03-06,2812
2000-03-07,2869
2000-03-08,2758
2000-03-09,2831
2000-03-10,3271
2000-03-11,2896
2000-03-12,3179
2000-03-13,2624
2000-03-14,2678
2000-03-15,2650
2000-03-16,3000
2000-03-17,3195
2000-03-18,2961
2000-03-19,2827
2000-03-20,2635
2000-03-21,2891
2000-03-22,2970
2000-03-23,2900
2000-03-24,3187
2000-03-25,3138
2000-03-26,3033
2000-03-27,2666
2000-03-28,2795
2000-03-29,2927
2000-03-30,2936
2000-03-31,3232
2000-04-01,3307
2000-04-02,3374
2000-04-03,2893
2000-04-04,3048
2000-04-05,3201
2000-04-06,3165
2000-04-07,3786
2000-04-08,3380
2000-04-09,3471
2000-04-10,2840
2000-04-11,2754
2000-04-12,3198
2000-04-13,3341
2000-04-14,3563
2000-04-15,3420
2000-04-16,3537
2000-04-17,2756
2000-04-18,2953
2000-04-19,3188
2000-04-20,3114
2000-04-21,3635
2000-04-22,3250
2000-04-23,3531
2000-04-24,2912
2000-04-25,2839
2000-04-26,3228
2000-04-27,3173
2000-04-28,3496
2000-04-29,3436
2000-04-30,3614
2000-05-01,2671
2000-05-02,2864
2000-05-03,2990
2000-05-04,3169
2000-05-05,3439
2000-05-06,3199
2000-05-07,3204
2000-05-08,2778
2000-05-09,2751
2000-05-10,2645
2000-05-11,3141
2000-05-12,3526
2000-05-13,2973
2000-05-14,3183
2000-05-15,2829
2000-05-16,3064
2000-05-17,2948
2000-05-18,3015
2000-05-19,3396
2000-05-20,3397
2000-05-21,3225
2000-05-22,2692
2000-05-23,2809
2000-05-24,2848
2000-05-25,3107
2000-05-26,3612
2000-05-27,3277
2000-05-28,3271
2000-05-29,2741
2000-05-30,2701
2000-05-31,3037
2000-06-01,3417
2000-06-02,3762
2000-06-03,3991
2000-06-04,3693
2000-06-05,2987
2000-06-06,3118
2000-06-07,3395
2000-06-08,3440
2000-06-09,3595
2000-06-10,3705
2000-06-11,3570
2000-06-12,3269
2000-06-13,3285
2000-06-14,3212
2000-06-15,3580
2000-06-16,3795
2000-06-17,3697
2000-06-18,3717
2000-06-19,2977
2000-06-20,3094
2000-06-21,3381
2000-06-22,3386
2000-06-23,3732
2000-06-24,3470
2000-06-25,3709
2000-06-26,3289
2000-06-27,3047
2000-06-28,3266
2000-06-29,3596
2000-06-30,3775
2000-07-01,3983
2000-07-02,3844
2000-07-03,3401
2000-07-04,3435
2000-07-05,3688
2000-07-06,3899
2000-07-07,4510
2000-07-08,4001
2000-07-09,4038
2000-07-10,3374
2000-07-11,3415
2000-07-12,3607
2000-07-13,3704
2000-07-14,4159
2000-07-15,4102
2000-07-16,3852
2000-07-17,3485
2000-07-18,3617
2000-07-19,3550
2000-07-20,3465
2000-07-21,4047
2000-07-22,4099
2000-07-23,3989
2000-07-24,3234
2000-07-25,3397
2000-07-26,3670
2000-07-27,3815
2000-07-28,4101
2000-07-29,3871
2000-07-30,3938
2000-07-31,3243
2000-08-01,3680
2000-08-02,3551
2000-08-03,3931
2000-08-04,4388
2000-08-05,4088
2000-08-06,3961
2000-08-07,3423
2000-08-08,3480
2000-08-09,3478
2000-08-10,3814
2000-08-11,3994
2000-08-12,4114
2000-08-13,3957
2000-08-14,3399
2000-08-15,3518
2000-08-16,3559
2000-08-17,3848
2000-08-18,4097
2000-08-19,4071
2000-08-20,3833
2000-08-21,3391
2000-08-22,3720
2000-08-23,3465
2000-08-24,3681
2000-08-25,4241
2000-08-26,3975
2000-08-27,4071
2000-08-28,3433
2000-08-29,3561
2000-08-30,3731
2000-08-31,3825
2000-09-01,4009
2000-09-02,3924
2000-09-03,4163
2000-09-04,3261
2000-09-05,3266
2000-09-06,3621
2000-09-07,3644
2000-09-08,3736
2000-09-09,3948
2000-09-10,3831
2000-09-11,3266
2000-09-12,3420
2000-09-13,3509
2000-09-14,3751
2000-09-15,3982
2000-09-16,3903
2000-09-17,3868
2000-09-18,3361
2000-09-19,3454
2000-09-20,3371
2000-09-21,3799
2000-09-22,3967
2000-09-23,3943
2000-09-24,3954
2000-09-25,3487
2000-09-26,3355
2000-09-27,3443
2000-09-28,3657
2000-09-29,4000
2000-09-30,3941
2000-10-01,3028
2000-10-02,2594
2000-10-03,2676
2000-10-04,2961
2000-10-05,3189
2000-10-06,3312
2000-10-07,3134
2000-10-08,3217
2000-10-09,2803
2000-10-10,2689
2000-10-11,2890
2000-10-12,3112
2000-10-13,3382
2000-10-14,3173
2000-10-15,3322
2000-10-16,2439
2000-10-17,2846
2000-10-18,2800
2000-10-19,2816
2000-10-20,3384
2000-10-21,3304
2000-10-22,3194
2000-10-23,2784
2000-10-24,2937
2000-10-25,2998
2000-10-26,3182
2000-10-27,3410
2000-10-28,3161
2000-10-29,3030
2000-10-30,2670
2000-10-31,2698
2000-11-01,2836
2000-11-02,2751
2000-11-03,3071
2000-11-04,2955
2000-11-05,2957
2000-11-06,2625
2000-11-07,2501
2000-11-08,2654
2000-11-09,2696
2000-11-10,2916
2000-11-11,2837
2000-11-12,2948
2000-11-13,2440
2000-11-14,2495
2000-11-15,2506
2000-11-16,2760
2000-11-17,2897
2000-11-18,2977
2000-11-19,2961
2000-11-20,2351
2000-11-21,2529
2000-11-22,2566
2000-11-23,2799
2000-11-24,3201
2000-11-25,2709
2000-11-26,2964
2000-11-27,2464
2000-11-28,2617
2000-11-29,2656
2000-11-30,2695
2000-12-01,2629
2000-12-02,2451
2000-12-03,2664
2000-12-04,2156
2000-12-05,2372
2000-12-06,2287
2000-12-07,2347
2000-12-08,2518
2000-12-09,2362
2000-12-10,2425
2000-12-11,2175
2000-12-12,2263
2000-12-13,2165
2000-12-14,2482
2000-12-15,2614
2000-12-16,2535
2000-12-17,2712
2000-12-18,2222
2000-12-19,2203
2000-12-20,2221
2000-12-21,2226
2000-12-22,2592
2000-12-23,2503
2000-12-24,2479
2000-12-25,2145
2000-12-26,2230
2000-12-27,2274
2000-12-28,2352
2000-12-29,2675
2000-12-30,2561
2000-12-31,2469
2001-01-01,2318
2001-01-02,2272
2001-01-03,2352
2001-01-04,2529
2001-01-05,2749
2001-01-06,2672
2001-01-07,2659
2001-01-08,2162
2001-01-09,2309
2001-01-10,2256
2001-01-11,2477
2001-01-12,2723
2001-01-13,2567
2001-01-14,2621
2001-01-15,2064
2001-01-16,2236
2001-01-17,2358
2001-01-18,2482
2001-01-19,2628
2001-01-20,2700
2001-01-21,2553
2001-01-22,2284
2001-01-23,2314
2001-01-24,2297
2001-01-25,2621
2001-01-26,2613
2001-01-27,2669
2001-01-28,2725
2001-01-29,2158
2001-01-30,2391
2001-01-31,2330
2001-02-01,2915
2001-02-02,3217
2001-02-03,3009
2001-02-04,3165
2001-02-05,2655
2001-02-06,2503
2001-02-07,2874
2001-02-08,2718
2001-02-09,3303
2001-02-10,3142
2001-02-11,2961
2001-02-12,2546
2001-02-13,2563
2001-02-14,2728
2001-02-15,2855
2001-02-16,3275
2001-02-17,3162
2001-02-18,3228
2001-02-19,2533
2001-02-20,2646
2001-02-21,2586
2001-02-22,2804
2001-02-23,3296
2001-02-24,3194
2001-02-25,2945
2001-02-26,2530
2001-02-27,2663
2001-02-28,2775
2001-03-01,2916
2001-03-02,3364
2001-03-03,3091
2001-03-04,3199
2001-03-05,2738
2001-03-06,2773
2001-03-07,2814
2001-03-08,2989
2001-03-09,3305
2001-03-10,3103
2001-03-11,3172
2001-03-12,2837
2001-03-13,2826
2001-03-14,2828
2001-03-15,3074
2001-03-16,3276
2001-03-17,3273
2001-03-18,3242
2001-03-19,2676
2001-03-20,2815
2001-03-21,2701
2001-03-22,2882
2001-03-23,3176
2001-03-24,3159
2001-03-25,3395
2001-03-26,2896
2001-03-27,2834
2001-03-28,2908
2001-03-29,2811
2001-03-30,3252
2001-03-31,3057
2001-04-01,3478
2001-04-02,2966
2001-04-03,3028
2001-04-04,2954
2001-04-05,3420
2001-04-06,3544
2001-04-07,3521
2001-04-08,3813
2001-04-09,2888
2001-04-10,2806
2001-04-11,3142
2001-04-12,3461
2001-04-13,3934
2001-04-14,3341
2001-04-15,3617
2001-04-16,2935
2001-04-17,3068
2001-04-18,3468
2001-04-19,3158
2001-04-20,3715
2001-04-21,3549
2001-04-22,3690
2001-04-23,2994
2001-04-24,3112
2001-04-25,3131
2001-04-26,3364
2001-04-27,3638
2001-04-28,3568
2001-04-29,3509
2001-04-30,3023
2001-05-01,2883
2001-05-02,3093
2001-05-03,3119
2001-05-04,3237
2001-05-05,3418
2001-05-06,3227
2001-05-07,2733
2001-05-08,2826
2001-05-09,3119
2001-05-10,2891
2001-05-11,3831
2001-05-12,3394
2001-05-13,3359
2001-05-14,2792
2001-05-15,2915
2001-05-16,3030
2001-05-17,3195
2001-05-18,3519
2001-05-19,3283
2001-05-20,3309
2001-05-21,2782
2001-05-22,2866
2001-05-23,3094
2001-05-24,3189
2001-05-25,3096
2001-05-26,3348
2001-05-27,3355
2001-05-28,2795
2001-05-29,2847
2001-05-30,3093
2001-05-31,3228
2001-06-01,3808
2001-06-02,3764
2001-06-03,3650
2001-06-04,3018
2001-06-05,3201
2001-06-06,3476
2001-06-07,3661
2001-06-08,3984
2001-06-09,3805
2001-06-10,3847
2001-06-11,3100
2001-06-12,3322
2001-06-13,3468
2001-06-14,3636
2001-06-15,4076
2001-06-16,3803
2001-06-17,3825
2001-06-18,3290
2001-06-19,3270
2001-06-20,3270
2001-06-21,3522
2001-06-22,3812
2001-06-23,3623
2001-06-24,3760
2001-06-25,3083
2001-06-26,3237
2001-06-27,3150
2001-06-28,3569
2001-06-29,3914
2001-06-30,3605
2001-07-01,4220
2001-07-02,3576
2001-07-03,3371
2001-07-04,3585
2001-07-05,3763
2001-07-06,4132
2001-07-07,4169
2001-07-08,4097
2001-07-09,3430
2001-07-10,3322
2001-07-11,3765
2001-07-12,3699
2001-07-13,4281
2001-07-14,4091
2001-07-15,4321
2001-07-16,3303
2001-07-17,3195
2001-07-18,3707
2001-07-19,4111
2001-07-20,4457
2001-07-21,4081
2001-07-22,4054
2001-07-23,3560
2001-07-24,3451
2001-07-25,3744
2001-07-26,3936
2001-07-27,4431
2001-07-28,4443
2001-07-29,4182
2001-07-30,3400
2001-07-31,3569
2001-08-01,3480
2001-08-02,3800
2001-08-03,4242
2001-08-04,4006
2001-08-05,4177
2001-08-06,3387
2001-08-07,3740
2001-08-08,3710
2001-08-09,3894
2001-08-10,4254
2001-08-11,4103
2001-08-12,4275
2001-08-13,3381
2001-08-14,3515
2001-08-15,3670
2001-08-16,3712
2001-08-17,4180
2001-08-18,4013
2001-08-19,4282
2001-08-20,3519
2001-08-21,3623
2001-08-22,3820
2001-08-23,3876
2001-08-24,4362
2001-08-25,4066
2001-08-26,4193
2001-08-27,3416
2001-08-28,3291
2001-08-29,3692
2001-08-30,4089
2001-08-31,4443
2001-09-01,4100
2001-09-02,4212
2001-09-03,3399
2001-09-04,3521
2001-09-05,3527
2001-09-06,3744
2001-09-07,4272
2001-09-08,4133
2001-09-09,4018
2001-09-10,3335
2001-09-11,3497
2001-09-12,3681
2001-09-13,3594
2001-09-14,3846
2001-09-15,3889
2001-09-16,3865
2001-09-17,3329
2001-09-18,3479
2001-09-19,3548
2001-09-20,3978
2001-09-21,4230
2001-09-22,4007
2001-09-23,4126
2001-09-24,3254
2001-09-25,3624
2001-09-26,3596
2001-09-27,3874
2001-09-28,4025
2001-09-29,3750
2001-09-30,4153
2001-10-01,2819
2001-10-02,2780
2001-10-03,2869
2001-10-04,3230
2001-10-05,3290
2001-10-06,3443
2001-10-07,3210
2001-10-08,2844
2001-10-09,2838
2001-10-10,3022
2001-10-11,3048
2001-10-12,3414
2001-10-13,3260
2001-10-14,3198
2001-10-15,2854
2001-10-16,2819
2001-10-17,2936
2001-10-18,2999
2001-10-19,3125
2001-10-20,3234
2001-10-21,3595
2001-10-22,2858
2001-10-23,2869
2001-10-24,2932
2001-10-25,3110
2001-10-26,3499
2001-10-27,3121
2001-10-28,3444
2001-10-29,2852
2001-10-30,2943
2001-10-31,3005
2001-11-01,2820
2001-11-02,3187
2001-11-03,3014
2001-11-04,2969
2001-11-05,2472
2001-11-06,2613
2001-11-07,2830
2001-11-08,2696
2001-11-09,2954
2001-11-10,2969
2001-11-11,3011
2001-11-12,2538
2001-11-13,2626
2001-11-14,2663
2001-11-15,2965
2001-11-16,2939
2001-11-17,2867
2001-11-18,2995
2001-11-19,2378
2001-11-20,2588
2001-11-21,2840
2001-11-22,2820
2001-11-23,3139
2001-11-24,2822
2001-11-25,2941
2001-11-26,2490
2001-11-27,2575
2001-11-28,2804
2001-11-29,2873
2001-11-30,2992
2001-12-01,2599
2001-12-02,2669
2001-12-03,2290
2001-12-04,2398
2001-12-05,2259
2001-12-06,2390
2001-12-07,2597
2001-12-08,2555
2001-12-09,2666
2001-12-10,2278
2001-12-11,2266
2001-12-12,2316
2001-12-13,2472
2001-12-14,2638
2001-12-15,2765
2001-12-16,2476
2001-12-17,2216
2001-12-18,2433
2001-12-19,2343
2001-12-20,2443
2001-12-21,2683
2001-12-22,2560
2001-12-23,2749
2001-12-24,2031
2001-12-25,2394
2001-12-26,2226
2001-12-27,2436
2001-12-28,2676
2001-12-29,2630
2001-12-30,2477
2001-12-31,2237
2002-01-01,2494
2002-01-02,2286
2002-01-03,2537
2002-01-04,2720
2002-01-05,2680
2002-01-06,2690
2002-01-07,2206
2002-01-08,2368
2002-01-09,2552
2002-01-10,2504
2002-01-11,2855
2002-01-12,2521
2002-01-13,2599
2002-01-14,2294
2002-01-15,2450
2002-01-16,2430
2002-01-17,2493
2002-01-18,2785
2002-01-19,2525
2002-01-20,2746
2002-01-21,2326
2002-01-22,2292
2002-01-23,2361
2002-01-24,2544
2002-01-25,2742
2002-01-26,2635
2002-01-27,2886
2002-01-28,2237
2002-01-29,2299
2002-01-30,2346
2002-01-31,2586
2002-02-01,3254
2002-02-02,3035
2002-02-03,3308
2002-02-04,2785
2002-02-05,2681
2002-02-06,2638
2002-02-07,3068
2002-02-08,3196
2002-02-09,3191
2002-02-10,2944
2002-02-11,2736
2002-02-12,2622
2002-02-13,2895
2002-02-14,2965
2002-02-15,3165
2002-02-16,3061
2002-02-17,3238
2002-02-18,2663
2002-02-19,2794
2002-02-20,3018
2002-02-21,2802
2002-02-22,3460
2002-02-23,3116
2002-02-24,3062
2002-02-25,2530
2002-02-26,2720
2002-02-27,2914
2002-02-28,2951
2002-03-01,3598
2002-03-02,3076
2002-03-03,3298
2002-03-04,2648
2002-03-05,2894
2002-03-06,3038
2002-03-07,3048
2002-03-08,3106
2002-03-09,3263
2002-03-10,3350
2002-03-11,2808
2002-03-12,2981
2002-03-13,2836
2002-03-14,3167
2002-03-15,3560
2002-03-16,3039
2002-03-17,3336
2002-03-18,2720
2002-03-19,2850
2002-03-20,2982
2002-03-21,3041
2002-03-22,3337
2002-03-23,3245
2002-03-24,3174
2002-03-25,2664
2002-03-26,2926
2002-03-27,2828
2002-03-28,3165
2002-03-29,3473
2002-03-30,3045
2002-03-31,3221
2002-04-01,3162
2002-04-02,3024
2002-04-03,3176
2002-04-04,3445
2002-04-05,3848
2002-04-06,3520
2002-04-07,3540
2002-04-08,3186
2002-04-09,3322
2002-04-10,3339
2002-04-11,3400
2002-04-12,3639
2002-04-13,3448
2002-04-14,3682
2002-04-15,3079
2002-04-16,3285
2002-04-17,3302
2002-04-18,3211
2002-04-19,3883
2002-04-20,3427
2002-04-21,3567
2002-04-22,3061
2002-04-23,3350
2002-04-24,3580
2002-04-25,3462
2002-04-26,3721
2002-04-27,3618
2002-04-28,3728
2002-04-29,3001
2002-04-30,3328
2002-05-01,3052
2002-05-02,3234
2002-05-03,3594
2002-05-04,3379
2002-05-05,3490
2002-05-06,2784
2002-05-07,2879
2002-05-08,2911
2002-05-09,3228
2002-05-10,3608
2002-05-11,3384
2002-05-12,3590
2002-05-13,2845
2002-05-14,3005
2002-05-15,2912
2002-05-16,3136
2002-05-17,3597
2002-05-18,3429
2002-05-19,3356
2002-05-20,2839
2002-05-21,2781
2002-05-22,2990
2002-05-23,3278
2002-05-24,3583
2002-05-25,3389
2002-05-26,3397
2002-05-27,2847
2002-05-28,2869
2002-05-29,3102
2002-05-30,3226
2002-05-31,3572
2002-06-01,3761
2002-06-02,3607
2002-06-03,3400
2002-06-04,3322
2002-06-05,3378
2002-06-06,3746
2002-06-07,3985
2002-06-08,3974
2002-06-09,3985
2002-06-10,3352
2002-06-11,3217
2002-06-12,3631
2002-06-13,3691
2002-06-14,3988
2002-06-15,3851
2002-06-16,3659
2002-06-17,3321
2002-06-18,3257
2002-06-19,3318
2002-06-20,3462
2002-06-21,4198
2002-06-22,3747
2002-06-23,4111
2002-06-24,3213
2002-06-25,3177
2002-06-26,3347
2002-06-27,3815
2002-06-28,4018
2002-06-29,3758
2002-06-30,3923
2002-07-01,3671
2002-07-02,3869
2002-07-03,4033
2002-07-04,3979
2002-07-05,4246
2002-07-06,4161
2002-07-07,4338
2002-07-08,3486
2002-07-09,3598
2002-07-10,3884
2002-07-11,4023
2002-07-12,4457
2002-07-13,4110
2002-07-14,4264
2002-07-15,3491
2002-07-16,3839
2002-07-17,3977
2002-07-18,3770
2002-07-19,4307
2002-07-20,4001
2002-07-21,4201
2002-07-22,3597
2002-07-23,3534
2002-07-24,3714
2002-07-25,3888
2002-07-26,4485
2002-07-27,4232
2002-07-28,4190
2002-07-29,3630
2002-07-30,3652
2002-07-31,3802
2002-08-01,4165
2002-08-02,4551
2002-08-03,3935
2002-08-04,4319
2002-08-05,3623
2002-08-06,3489
2002-08-07,3855
2002-08-08,4146
2002-08-09,4176
2002-08-10,3990
2002-08-11,4346
2002-08-12,3556
2002-08-13,3705
2002-08-14,3792
2002-08-15,3988
2002-08-16,4145
2002-08-17,4273
2002-08-18,4369
2002-08-19,3494
2002-08-20,3629
2002-08-21,3546
2002-08-22,4005
2002-08-23,4434
2002-08-24,4113
2002-08-25,4362
2002-08-26,3481
2002-08-27,3707
2002-08-28,3614
2002-08-29,3931
2002-08-30,4320
2002-08-31,4155
2002-09-01,4095
2002-09-02,3466
2002-09-03,3697
2002-09-04,3648
2002-09-05,3671
2002-09-06,4560
2002-09-07,4272
2002-09-08,3961
2002-09-09,3566
2002-09-10,3530
2002-09-11,3739
2002-09-12,3930
2002-09-13,4262
2002-09-14,3963
2002-09-15,4049
2002-09-16,3370
2002-09-17,3489
2002-09-18,3696
2002-09-19,3792
2002-09-20,4400
2002-09-21,4287
2002-09-22,4065
2002-09-23,3511
2002-09-24,3656
2002-09-25,3766
2002-09-26,3900
2002-09-27,4409
2002-09-28,4144
2002-09-29,3969
2002-09-30,3588
2002-10-01,3009
2002-10-02,2929
2002-10-03,3164
2002-10-04,3574
2002-10-05,3286
2002-10-06,3497
2002-10-07,3063
2002-10-08,2839
2002-10-09,2864
2002-10-10,3193
2002-10-11,3579
2002-10-12,3283
2002-10-13,3542
2002-10-14,2696
2002-10-15,2990
2002-10-16,2945
2002-10-17,3350
2002-10-18,3734
2002-10-19,3221
2002-10-20,3305
2002-10-21,2914
2002-10-22,2879
2002-10-23,3004
2002-10-24,3162
2002-10-25,3256
2002-10-26,3308
2002-10-27,3289
2002-10-28,2780
2002-10-29,3066
2002-10-30,2877
2002-10-31,3249
2002-11-01,3132
2002-11-02,2970
2002-11-03,3139
2002-11-04,2594
2002-11-05,2698
2002-11-06,2819
2002-11-07,2830
2002-11-08,3095
2002-11-09,2886
2002-11-10,2966
2002-11-11,2828
2002-11-12,2760
2002-11-13,2598
2002-11-14,2731
2002-11-15,3217
2002-11-16,3057
2002-11-17,3113
2002-11-18,2540
2002-11-19,2633
2002-11-20,2758
2002-11-21,2872
2002-11-22,2917
2002-11-23,2975
2002-11-24,2963
2002-11-25,2579
2002-11-26,2921
2002-11-27,2762
2002-11-28,2832
2002-11-29,3265
2002-11-30,3050
2002-12-01,2745
2002-12-02,2318
2002-12-03,2511
2002-12-04,2320
2002-12-05,2578
2002-12-06,2711
2002-12-07,2708
2002-12-08,2618
2002-12-09,2237
2002-12-10,2318
2002-12-11,2498
2002-12-12,2617
2002-12-13,2679
2002-12-14,2662
2002-12-15,2638
2002-12-16,2170
2002-12-17,2325
2002-12-18,2389
2002-12-19,2751
2002-12-20,2844
2002-12-21,2529
2002-12-22,2651
2002-12-23,2351
2002-12-24,2514
2002-12-25,2281
2002-12-26,2369
2002-12-27,2985
2002-12-28,2693
2002-12-29,2623
2002-12-30,2313
2002-12-31,2127
2003-01-01,2445
2003-01-02,2596
2003-01-03,2927
2003-01-04,2593
2003-01-05,2746
2003-01-06,2223
2003-01-07,2392
2003-01-08,2368
2003-01-09,2530
2003-01-10,2737
2003-01-11,2750
2003-01-12,2820
2003-01-13,2279
2003-01-14,2374
2003-01-15,2320
2003-01-16,2540
2003-01-17,2830
2003-01-18,2935
2003-01-19,2631
2003-01-20,2415
2003-01-21,2454
2003-01-22,2468
2003-01-23,2724
2003-01-24,2872
2003-01-25,2725
2003-01-26,2732
2003-01-27,2396
2003-01-28,2462
2003-01-29,2391
2003-01-30,2448
2003-01-31,2815
2003-02-01,3110
2003-02-02,3251
2003-02-03,2853
2003-02-04,2777
2003-02-05,2905
2003-02-06,3061
2003-02-07,3475
2003-02-08,2948
2003-02-09,3189
2003-02-10,2755
2003-02-11,2940
2003-02-12,2859
2003-02-13,2854
2003-02-14,3448
2003-02-15,3129
2003-02-16,3122
2003-02-17,2675
2003-02-18,2804
2003-02-19,2847
2003-02-20,2819
2003-02-21,3480
2003-02-22,3343
2003-02-23,3332
2003-02-24,2626
2003-02-25,2802
2003-02-26,2908
2003-02-27,3118
2003-02-28,3453
2003-03-01,3209
2003-03-02,3363
2003-03-03,2859
2003-03-04,3052
2003-03-05,3068
2003-03-06,3231
2003-03-07,3483
2003-03-08,3456
2003-03-09,3401
2003-03-10,2730
2003-03-11,3047
2003-03-12,3067
2003-03-13,3095
2003-03-14,3415
2003-03-15,3328
2003-03-16,3408
2003-03-17,2834
2003-03-18,2936
2003-03-19,3172
2003-03-20,3262
2003-03-21,3496
2003-03-22,3402
2003-03-23,3232
2003-03-24,2854
2003-03-25,3088
2003-03-26,2971
2003-03-27,3050
2003-03-28,3394
2003-03-29,3168
2003-03-30,3261
2003-03-31,2778
2003-04-01,3097
2003-04-02,3359
2003-04-03,3637
2003-04-04,3771
2003-04-05,3890
2003-04-06,3828
2003-04-07,3270
2003-04-08,3182
2003-04-09,3458
2003-04-10,3391
2003-04-11,4016
2003-04-12,3716
2003-04-13,3833
2003-04-14,3026
2003-04-15,3155
2003-04-16,3428
2003-04-17,3409
2003-04-18,3958
2003-04-19,3517
2003-04-20,3872
2003-04-21,3020
2003-04-22,3320
2003-04-23,3431
2003-04-24,3440
2003-04-25,3974
2003-04-26,3727
2003-04-27,3690
2003-04-28,3045
2003-04-29,3033
2003-04-30,3399
2003-05-01,3065
2003-05-02,3594
2003-05-03,3366
2003-05-04,3541
2003-05-05,2872
2003-05-06,2961
2003-05-07,3167
2003-05-08,3280
2003-05-09,3622
2003-05-10,3453
2003-05-11,3273
2003-05-12,2980
2003-05-13,3060
2003-05-14,2978
2003-05-15,3215
2003-05-16,3577
2003-05-17,3381
2003-05-18,3499
2003-05-19,3048
2003-05-20,3109
2003-05-21,2946
2003-05-22,3313
2003-05-23,3749
2003-05-24,3443
2003-05-25,3591
2003-05-26,3107
2003-05-27,3103
2003-05-28,3115
2003-05-29,3361
2003-05-30,3600
2003-05-31,3400
2003-06-01,3902
2003-06-02,3497
2003-06-03,3324
2003-06-04,3717
2003-06-05,3769
2003-06-06,3892
2003-06-07,3930
2003-06-08,3661
2003-06-09,3389
2003-06-10,3528
2003-06-11,3455
2003-06-12,3720
2003-06-13,4372
2003-06-14,3812
2003-06-15,3805
2003-06-16,3488
2003-06-17,3657
2003-06-18,3528
2003-06-19,3835
2003-06-20,4284
2003-06-21,3780
2003-06-22,3884
2003-06-23,3459
2003-06-24,3624
2003-06-25,3597
2003-06-26,3590
2003-06-27,4377
2003-06-28,3808
2003-06-29,3905
2003-06-30,3356
2003-07-01,3952
2003-07-02,3979
2003-07-03,4116
2003-07-04,4555
2003-07-05,4257
2003-07-06,4412
2003-07-07,3310
2003-07-08,3709
2003-07-09,3896
2003-07-10,3894
2003-07-11,4543
2003-07-12,4220
2003-07-13,4593
2003-07-14,3832
2003-07-15,3687
2003-07-16,3843
2003-07-17,4047
2003-07-18,4411
2003-07-19,4279
2003-07-20,4213
2003-07-21,3488
2003-07-22,3830
2003-07-23,3949
2003-07-24,3943
2003-07-25,4623
2003-07-26,4156
2003-07-27,4366
2003-07-28,3736
2003-07-29,3744
2003-07-30,3925
2003-07-31,3984
2003-08-01,4507
2003-08-02,4272
2003-08-03,4267
2003-08-04,3655
2003-08-05,3589
2003-08-06,3845
2003-08-07,4067
2003-08-08,4497
2003-08-09,4267
2003-08-10,4372
2003-08-11,3739
2003-08-12,3911
2003-08-13,3823
2003-08-14,3935
2003-08-15,4372
2003-08-16,4230
2003-08-17,4328
2003-08-18,3578
2003-08-19,3623
2003-08-20,3850
2003-08-21,4134
2003-08-22,4633
2003-08-23,4219
2003-08-24,4318
2003-08-25,3558
2003-08-26,3791
2003-08-27,3796
2003-08-28,4190
2003-08-29,4254
2003-08-30,4249
2003-08-31,4428
2003-09-01,3592
2003-09-02,4030
2003-09-03,3844
2003-09-04,3847
2003-09-05,4390
2003-09-06,3917
2003-09-07,4241
2003-09-08,3465
2003-09-09,3801
2003-09-10,3724
2003-09-11,3971
2003-09-12,4307
2003-09-13,4431
2003-09-14,4205
2003-09-15,3798
2003-09-16,3788
2003-09-17,3861
2003-09-18,4038
2003-09-19,4465
2003-09-20,3895
2003-09-21,4211
2003-09-22,3675
2003-09-23,3677
2003-09-24,3610
2003-09-25,3980
2003-09-26,4667
2003-09-27,4359
2003-09-28,4244
2003-09-29,3688
2003-09-30,3636
2003-10-01,2898
2003-10-02,3132
2003-10-03,3771
2003-10-04,3358
2003-10-05,3423
2003-10-06,2867
2003-10-07,3189
2003-10-08,3258
2003-10-09,3488
2003-10-10,3556
2003-10-11,3426
2003-10-12,3269
2003-10-13,3047
2003-10-14,2868
2003-10-15,3106
2003-10-16,3112
2003-10-17,3502
2003-10-18,3291
2003-10-19,3379
2003-10-20,2843
2003-10-21,2932
2003-10-22,3172
2003-10-23,3111
2003-10-24,3603
2003-10-25,3535
2003-10-26,3390
2003-10-27,2825
2003-10-28,2966
2003-10-29,3210
2003-10-30,3258
2003-10-31,3509
2003-11-01,3184
2003-11-02,3065
2003-11-03,2740
2003-11-04,2801
2003-11-05,2816
2003-11-06,2901
2003-11-07,3200
2003-11-08,3190
2003-11-09,3325
2003-11-10,2616
2003-11-11,2805
2003-11-12,2639
2003-11-13,2928
2003-11-14,3298
2003-11-15,3032
2003-11-16,3084
2003-11-17,2613
2003-11-18,2789
2003-11-19,2828
2003-11-20,2755
2003-11-21,3057
2003-11-22,3065
2003-11-23,3239
2003-11-24,2418
2003-11-25,2713
2003-11-26,2794
2003-11-27,3134
2003-11-28,3258
2003-11-29,3173
2003-11-30,3204
2003-12-01,2144
2003-12-02,2455
2003-12-03,2483
2003-12-04,2634
2003-12-05,3252
2003-12-06,2513
2003-12-07,2927
2003-12-08,2293
2003-12-09,2415
2003-12-10,2461
2003-12-11,2549
2003-12-12,2802
2003-12-13,2742
2003-12-14,2614
2003-12-15,2377
2003-12-16,2356
2003-12-17,2367
2003-12-18,2547
2003-12-19,2985
2003-12-20,2660
2003-12-21,2795
2003-12-22,2257
2003-12-23,2454
2003-12-24,2524
2003-12-25,2755
2003-12-26,2841
2003-12-27,2774
2003-12-28,2770
2003-12-29,2422
2003-12-30,2330
2003-12-31,2529
2004-01-01,2614
2004-01-02,2901
2004-01-03,2766
2004-01-04,2832
2004-01-05,2346
2004-01-06,2450
2004-01-07,2645
2004-01-08,2723
2004-01-09,2996
2004-01-10,2713
2004-01-11,2720
2004-01-12,2435
2004-01-13,2506
2004-01-14,2636
2004-01-15,2576
2004-01-16,2884
2004-01-17,2599
2004-01-18,2769
2004-01-19,2438
2004-01-20,2392
2004-01-21,2563
2004-01-22,2614
2004-01-23,2940
2004-01-24,2646
2004-01-25,2816
2004-01-26,2109
2004-01-27,2415
2004-01-28,2363
2004-01-29,2743
2004-01-30,2987
2004-01-31,2802
2004-02-01,3359
2004-02-02,2588
2004-02-03,2931
2004-02-04,2940
2004-02-05,2965
2004-02-06,3434
2004-02-07,3011
2004-02-08,3097
2004-02-09,2620
2004-02-10,2711
2004-02-11,2742
2004-02-12,3118
2004-02-13,3273
2004-02-14,3171
2004-02-15,3125
2004-02-16,2506
2004-02-17,2788
2004-02-18,2657
2004-02-19,2983
2004-02-20,3145
2004-02-21,3350
2004-02-22,3291
2004-02-23,2687
2004-02-24,2884
2004-02-25,2763
2004-02-26,3047
2004-02-27,3326
2004-02-28,3161
2004-02-29,3331
2004-03-01,3017
2004-03-02,3066
2004-03-03,2948
2004-03-04,3176
2004-03-05,3615
2004-03-06,3454
2004-03-07,3367
2004-03-08,3190
2004-03-09,3197
2004-03-10,3196
2004-03-11,3294
2004-03-12,3603
2004-03-13,3328
2004-03-14,3515
2004-03-15,2968
2004-03-16,2904
2004-03-17,3166
2004-03-18,3268
2004-03-19,3388
2004-03-20,3339
2004-03-21,3454
2004-03-22,3136
2004-03-23,3095
2004-03-24,2983
2004-03-25,3342
2004-03-26,3434
2004-03-27,3573
2004-03-28,3447
2004-03-29,2932
2004-03-30,3177
2004-03-31,2989
2004-04-01,3440
2004-04-02,3914
2004-04-03,3927
2004-04-04,3653
2004-04-05,2917
2004-04-06,3289
2004-04-07,3511
2004-04-08,3769
2004-04-09,3931
2004-04-10,3735
2004-04-11,4014
2004-04-12,3026
2004-04-13,3296
2004-04-14,3468
2004-04-15,3674
2004-04-16,3925
2004-04-17,3794
2004-04-18,3522
2004-04-19,3164
2004-04-20,3394
2004-04-21,3326
2004-04-22,3625
2004-04-23,4058
2004-04-24,3744
2004-04-25,3881
2004-04-26,3129
2004-04-27,3317
2004-04-28,3518
2004-04-29,3637
2004-04-30,3914
2004-05-01,3557
2004-05-02,3683
2004-05-03,2799
2004-05-04,3238
2004-05-05,3170
2004-05-06,3419
2004-05-07,3877
2004-05-08,3360
2004-05-09,3504
2004-05-10,2985
2004-05-11,3027
2004-05-12,3403
2004-05-13,3268
2004-05-14,3649
2004-05-15,3554
2004-05-16,3442
2004-05-17,2974
2004-05-18,3146
2004-05-19,3171
2004-05-20,3358
2004-05-21,3652
2004-05-22,3342
2004-05-23,3634
2004-05-24,3201
2004-05-25,3114
2004-05-26,3233
2004-05-27,3450
2004-05-28,3556
2004-05-29,3739
2004-05-30,3619
2004-05-31,3188
2004-06-01,3443
2004-06-02,3875
2004-06-03,3929
2004-06-04,4308
2004-06-05,4040
2004-06-06,4045
2004-06-07,3568
2004-06-08,3551
2004-06-09,3392
2004-06-10,3676
2004-06-11,4199
2004-06-12,4051
2004-06-13,4072
2004-06-14,3571
2004-06-15,3293
2004-06-16,3661
2004-06-17,3582
2004-06-18,4338
2004-06-19,3994
2004-06-20,4140
2004-06-21,3321
2004-06-22,3692
2004-06-23,3776
2004-06-24,3903
2004-06-25,4207
2004-06-26,4089
2004-06-27,3979
2004-06-28,3527
2004-06-29,3738
2004-06-30,3780
2004-07-01,4048
2004-07-02,4648
2004-07-03,4155
2004-07-04,4520
2004-07-05,3778
2004-07-06,3587
2004-07-07,3796
2004-07-08,4113
2004-07-09,4541
2004-07-10,4168
2004-07-11,4492
2004-07-12,3752
2004-07-13,3812
2004-07-14,3852
2004-07-15,4307
2004-07-16,4856
2004-07-17,4279
2004-07-18,4337
2004-07-19,3783
2004-07-20,3790
2004-07-21,3937
2004-07-22,4262
2004-07-23,4283
2004-07-24,4553
2004-07-25,4443
2004-07-26,3666
2004-07-27,3826
2004-07-28,3952
2004-07-29,3903
2004-07-30,4830
2004-07-31,4359
2004-08-01,4610
2004-08-02,3937
2004-08-03,3791
2004-08-04,4121
2004-08-05,4216
2004-08-06,4841
2004-08-07,4127
2004-08-08,4524
2004-08-09,3730
2004-08-10,3991
2004-08-11,4120
2004-08-12,4151
2004-08-13,4585
2004-08-14,4442
2004-08-15,4397
2004-08-16,3923
2004-08-17,3881
2004-08-18,3641
2004-08-19,4200
2004-08-20,4531
2004-08-21,4204
2004-08-22,4343
2004-08-23,3825
2004-08-24,4115
2004-08-25,4098
2004-08-26,4166
2004-08-27,4777
2004-08-28,4387
2004-08-29,4430
2004-08-30,3656
2004-08-31,3691
2004-09-01,3855
2004-09-02,4126
2004-09-03,4518
2004-09-04,4236
2004-09-05,4232
2004-09-06,3752
2004-09-07,3616
2004-09-08,4014
2004-09-09,3960
2004-09-10,4414
2004-09-11,4078
2004-09-12,4300
2004-09-13,3799
2004-09-14,3859
2004-09-15,4042
2004-09-16,4179
2004-09-17,4358
2004-09-18,4249
2004-09-19,4258
2004-09-20,3845
2004-09-21,3632
2004-09-22,4030
2004-09-23,4232
2004-09-24,4824
2004-09-25,4237
2004-09-26,4486
2004-09-27,3967
2004-09-28,3709
2004-09-29,3698
2004-09-30,3834
2004-10-01,3716
2004-10-02,3211
2004-10-03,3455
2004-10-04,2983
2004-10-05,3051
2004-10-06,3172
2004-10-07,3307
2004-10-08,3788
2004-10-09,3323
2004-10-10,3417
2004-10-11,2858
2004-10-12,3120
2004-10-13,3224
2004-10-14,3333
2004-10-15,3775
2004-10-16,3296
2004-10-17,3705
2004-10-18,3094
2004-10-19,3110
2004-10-20,3320
2004-10-21,3091
2004-10-22,3559
2004-10-23,3349
2004-10-24,3589
2004-10-25,2830
2004-10-26,3112
2004-10-27,3275
2004-10-28,3361
2004-10-29,3661
2004-10-30,3319
2004-10-31,3397
2004-11-01,2840
2004-11-02,2885
2004-11-03,2891
2004-11-04,2995
2004-11-05,3120
2004-11-06,3065
2004-11-07,3459
2004-11-08,2599
2004-11-09,2827
2004-11-10,2997
2004-11-11,2906
2004-11-12,3380
2004-11-13,3289
2004-11-14,3244
2004-11-15,2995
2004-11-16,2644
2004-11-17,3002
2004-11-18,3022
2004-11-19,3449
2004-11-20,3234
2004-11-21,3159
2004-11-22,2743
2004-11-23,2626
2004-11-24,2956
2004-11-25,3072
2004-11-26,3433
2004-11-27,3303
2004-11-28,3284
2004-11-29,2736
2004-11-30,2722
2004-12-01,2444
2004-12-02,2741
2004-12-03,3054
2004-12-04,2734
2004-12-05,2812
2004-12-06,2282
2004-12-07,2531
2004-12-08,2565
2004-12-09,2811
2004-12-10,2818
2004-12-11,2721
2004-12-12,2830
2004-12-13,2410
2004-12-14,2413
2004-12-15,2430
2004-12-16,2713
2004-12-17,2981
2004-12-18,2669
2004-12-19,2941
2004-12-20,2453
2004-12-21,2443
2004-12-22,2514
2004-12-23,2683
2004-12-24,2820
2004-12-25,2760
2004-12-26,2596
2004-12-27,2429
2004-12-28,2299
2004-12-29,2639
2004-12-30,2602
2004-12-31,2886
2005-01-01,2774
2005-01-02,2859
2005-01-03,2544
2005-01-04,2283
2005-01-05,2694
2005-01-06,2740
2005-01-07,2865
2005-01-08,2730
2005-01-09,3057
2005-01-10,2344
2005-01-11,2400
2005-01-12,2681
2005-01-13,2740
2005-01-14,2893
2005-01-15,2858
2005-01-16,2784
2005-01-17,2517
2005-01-18,2594
2005-01-19,2627
2005-01-20,2742
2005-01-21,3176
2005-01-22,2836
2005-01-23,2769
2005-01-24,2462
2005-01-25,2684
2005-01-26,2487
2005-01-27,2673
2005-01-28,3035
2005-01-29,2831
2005-01-30,2789
2005-01-31,2519
2005-02-01,3170
2005-02-02,3044
2005-02-03,3074
2005-02-04,3317
2005-02-05,3355
2005-02-06,3517
2005-02-07,2889
2005-02-08,2932
2005-02-09,2961
2005-02-10,3053
2005-02-11,3609
2005-02-12,3432
2005-02-13,3203
2005-02-14,3000
2005-02-15,2991
2005-02-16,3171
2005-02-17,3025
2005-02-18,3339
2005-02-19,3308
2005-02-20,3445
2005-02-21,3020
2005-02-22,3005
2005-02-23,2997
2005-02-24,3060
2005-02-25,3658
2005-02-26,3213
2005-02-27,3579
2005-02-28,2813
2005-03-01,3289
2005-03-02,3288
2005-03-03,3357
2005-03-04,3658
2005-03-05,3491
2005-03-06,3652
2005-03-07,3028
2005-03-08,3051
2005-03-09,3194
2005-03-10,3382
2005-03-11,3448
2005-03-12,3590
2005-03-13,3474
2005-03-14,2898
2005-03-15,2932
2005-03-16,3010
2005-03-17,3213
2005-03-18,3634
2005-03-19,3775
2005-03-20,3531
2005-03-21,3038
2005-03-22,3159
2005-03-23,3227
2005-03-24,3364
2005-03-25,3570
2005-03-26,3713
2005-03-27,3825
2005-03-28,2842
2005-03-29,3004
2005-03-30,3181
2005-03-31,3259
2005-04-01,4081
2005-04-02,3706
2005-04-03,4165
2005-04-04,3385
2005-04-05,3378
2005-04-06,3581
2005-04-07,3770
2005-04-08,3931
2005-04-09,3694
2005-04-10,3882
2005-04-11,3347
2005-04-12,3370
2005-04-13,3266
2005-04-14,3528
2005-04-15,4000
2005-04-16,3793
2005-04-17,4139
2005-04-18,3092
2005-04-19,3413
2005-04-20,3637
2005-04-21,3918
2005-04-22,3953
2005-04-23,3868
2005-04-24,3949
2005-04-25,3272
2005-04-26,3342
2005-04-27,3510
2005-04-28,3308
2005-04-29,4106
2005-04-30,3819
2005-05-01,3640
2005-05-02,3300
2005-05-03,3103
2005-05-04,3230
2005-05-05,3679
2005-05-06,3689
2005-05-07,3534
2005-05-08,3650
2005-05-09,3170
2005-05-10,3201
2005-05-11,3128
2005-05-12,3376
2005-05-13,3719
2005-05-14,3594
2005-05-15,3724
2005-05-16,3124
2005-05-17,2980
2005-05-18,3398
2005-05-19,3470
2005-05-20,3984
2005-05-21,3659
2005-05-22,3810
2005-05-23,3130
2005-05-24,3327
2005-05-25,3336
2005-05-26,3428
2005-05-27,4102
2005-05-28,3716
2005-05-29,3743
2005-05-30,2942
2005-05-31,3034
2005-06-01,3786
2005-06-02,3956
2005-06-03,4254
2005-06-04,4143
2005-06-05,4431
2005-06-06,3609
2005-06-07,3490
2005-06-08,3733
2005-06-09,3825
2005-06-10,4289
2005-06-11,4063
2005-06-12,4128
2005-06-13,3368
2005-06-14,3619
2005-06-15,3675
2005-06-16,3532
2005-06-17,4660
2005-06-18,4280
2005-06-19,4143
2005-06-20,3526
2005-06-21,3487
2005-06-22,3971
2005-06-23,4197
2005-06-24,4372
2005-06-25,4271
2005-06-26,4224
2005-06-27,3358
2005-06-28,3583
2005-06-29,3765
2005-06-30,3873
2005-07-01,4663
2005-07-02,4442
2005-07-03,4524
2005-07-04,3815
2005-07-05,3784
2005-07-06,3949
2005-07-07,4062
2005-07-08,4860
2005-07-09,4128
2005-07-10,4720
2005-07-11,3993
2005-07-12,3888
2005-07-13,3682
2005-07-14,4200
2005-07-15,4689
2005-07-16,4299
2005-07-17,4455
2005-07-18,4012
2005-07-19,4021
2005-07-20,3920
2005-07-21,4016
2005-07-22,4645
2005-07-23,4423
2005-07-24,4616
2005-07-25,3737
2005-07-26,4000
2005-07-27,4325
2005-07-28,4375
2005-07-29,4691
2005-07-30,4428
2005-07-31,4481
2005-08-01,4041
2005-08-02,3917
2005-08-03,4135
2005-08-04,4343
2005-08-05,4705
2005-08-06,4323
2005-08-07,4676
2005-08-08,3872
2005-08-09,4075
2005-08-10,4051
2005-08-11,4520
2005-08-12,4642
2005-08-13,4813
2005-08-14,4341
2005-08-15,3940
2005-08-16,4071
2005-08-17,4013
2005-08-18,4399
2005-08-19,5003
2005-08-20,4189
2005-08-21,4705
2005-08-22,3542
2005-08-23,3869
2005-08-24,4364
2005-08-25,4246
2005-08-26,4592
2005-08-27,4510
2005-08-28,4958
2005-08-29,3632
2005-08-30,3857
2005-08-31,4345
2005-09-01,4407
2005-09-02,4555
2005-09-03,4147
2005-09-04,4737
2005-09-05,3911
2005-09-06,3913
2005-09-07,3829
2005-09-08,4131
2005-09-09,4546
2005-09-10,4385
2005-09-11,4638
2005-09-12,3818
2005-09-13,3678
2005-09-14,4131
2005-09-15,4183
2005-09-16,4681
2005-09-17,4557
2005-09-18,4242
2005-09-19,3700
2005-09-20,3751
2005-09-21,3725
2005-09-22,4188
2005-09-23,4973
2005-09-24,4056
2005-09-25,4409
2005-09-26,3787
2005-09-27,3839
2005-09-28,3925
2005-09-29,3950
2005-09-30,4609
2005-10-01,3459
2005-10-02,3340
2005-10-03,3163
2005-10-04,3238
2005-10-05,3236
2005-10-06,3419
2005-10-07,3887
2005-10-08,3581
2005-10-09,3732
2005-10-10,3004
2005-10-11,3277
2005-10-12,3266
2005-10-13,3414
2005-10-14,3580
2005-10-15,3588
2005-10-16,3512
2005-10-17,2968
2005-10-18,3044
2005-10-19,3109
2005-10-20,3644
2005-10-21,3921
2005-10-22,3792
2005-10-23,3463
2005-10-24,3044
2005-10-25,2991
2005-10-26,3151
2005-10-27,3282
2005-10-28,3909
2005-10-29,3504
2005-10-30,3753
2005-10-31,3100
2005-11-01,3101
2005-11-02,2805
2005-11-03,3243
2005-11-04,3569
2005-11-05,3143
2005-11-06,3430
2005-11-07,2814
2005-11-08,2847
2005-11-09,2873
2005-11-10,3028
2005-11-11,3678
2005-11-12,3254
2005-11-13,3404
2005-11-14,2704
2005-11-15,2791
2005-11-16,3070
2005-11-17,2960
2005-11-18,3382
2005-11-19,3258
2005-11-20,3326
2005-11-21,2763
2005-11-22,2909
2005-11-23,3030
2005-11-24,3186
2005-11-25,3313
2005-11-26,3222
2005-11-27,3452
2005-11-28,2868
2005-11-29,2732
2005-11-30,2995
2005-12-01,2524
2005-12-02,3000
2005-12-03,3029
2005-12-04,2796
2005-12-05,2356
2005-12-06,2572
2005-12-07,2443
2005-12-08,2651
2005-12-09,3058
2005-12-10,2777
2005-12-11,2868
2005-12-12,2491
2005-12-13,2542
2005-12-14,2606
2005-12-15,2679
2005-12-16,3034
2005-12-17,2828
2005-12-18,2938
2005-12-19,2385
2005-12-20,2489
2005-12-21,2493
2005-12-22,2708
2005-12-23,2910
2005-12-24,2730
2005-12-25,2918
2005-12-26,2445
2005-12-27,2573
2005-12-28,2543
2005-12-29,2750
2005-12-30,3053
2005-12-31,2885
2006-01-01,2880
2006-01-02,2502
2006-01-03,2602
2006-01-04,2649
2006-01-05,2578
2006-01-06,3089
2006-01-07,3139
2006-01-08,2929
2006-01-09,2426
2006-01-10,2602
2006-01-11,2677
2006-01-12,2897
2006-01-13,2937
2006-01-14,2988
2006-01-15,3027
2006-01-16,2477
2006-01-17,2599
2006-01-18,2744
2006-01-19,2866
2006-01-20,2949
2006-01-21,2997
2006-01-22,2959
2006-01-23,2496
2006-01-24,2575
2006-01-25,2634
2006-01-26,2897
2006-01-27,3063
2006-01-28,2799
2006-01-29,2925
2006-01-30,2505
2006-01-31,2679
2006-02-01,3145
2006-02-02,3137
2006-02-03,3883
2006-02-04,3419
2006-02-05,3603
2006-02-06,2879
2006-02-07,3043
2006-02-08,3170
2006-02-09,3371
2006-02-10,3704
2006-02-11,3491
2006-02-12,3411
2006-02-13,2837
2006-02-14,3022
2006-02-15,3180
2006-02-16,3208
2006-02-17,3705
2006-02-18,3560
2006-02-19,3338
2006-02-20,2810
2006-02-21,2972
2006-02-22,3113
2006-02-23,3174
2006-02-24,3741
2006-02-25,3438
2006-02-26,3454
2006-02-27,2749
2006-02-28,2850
2006-03-01,3282
2006-03-02,3157
2006-03-03,3903
2006-03-04,3555
2006-03-05,4053
2006-03-06,3301
2006-03-07,3132
2006-03-08,3237
2006-03-09,3531
2006-03-10,3994
2006-03-11,3370
2006-03-12,3412
2006-03-13,2988
2006-03-14,3216
2006-03-15,3306
2006-03-16,3540
2006-03-17,3611
2006-03-18,3285
2006-03-19,3749
2006-03-20,2966
2006-03-21,2929
2006-03-22,3266
2006-03-23,3507
2006-03-24,3753
2006-03-25,3517
2006-03-26,3619
2006-03-27,3015
2006-03-28,3003
2006-03-29,3168
2006-03-30,3474
2006-03-31,3812
2006-04-01,3967
2006-04-02,3875
2006-04-03,3348
2006-04-04,3212
2006-04-05,3607
2006-04-06,3952
2006-04-07,3944
2006-04-08,3863
2006-04-09,4061
2006-04-10,3518
2006-04-11,3423
2006-04-12,3498
2006-04-13,3505
2006-04-14,4174
2006-04-15,4225
2006-04-16,4054
2006-04-17,3367
2006-04-18,3517
2006-04-19,3584
2006-04-20,3657
2006-04-21,4278
2006-04-22,3975
2006-04-23,4018
2006-04-24,3255
2006-04-25,3636
2006-04-26,3668
2006-04-27,3691
2006-04-28,4304
2006-04-29,3875
2006-04-30,3905
2006-05-01,3162
2006-05-02,3144
2006-05-03,3513
2006-05-04,3396
2006-05-05,3836
2006-05-06,3525
2006-05-07,3859
2006-05-08,3231
2006-05-09,3314
2006-05-10,3330
2006-05-11,3480
2006-05-12,4074
2006-05-13,3728
2006-05-14,3913
2006-05-15,3148
2006-05-16,3373
2006-05-17,3613
2006-05-18,3703
2006-05-19,3951
2006-05-20,3836
2006-05-21,3838
2006-05-22,3249
2006-05-23,3314
2006-05-24,3436
2006-05-25,3656
2006-05-26,3869
2006-05-27,3666
2006-05-28,3682
2006-05-29,3067
2006-05-30,3209
2006-05-31,3475
2006-06-01,3918
2006-06-02,4548
2006-06-03,4242
2006-06-04,4016
2006-06-05,3703
2006-06-06,3842
2006-06-07,3717
2006-06-08,4103
2006-06-09,4334
2006-06-10,4251
2006-06-11,4123
2006-06-12,3393
2006-06-13,3686
2006-06-14,3835
2006-06-15,3988
2006-06-16,4283
2006-06-17,4177
2006-06-18,4354
2006-06-19,3615
2006-06-20,3760
2006-06-21,3761
2006-06-22,4210
2006-06-23,4284
2006-06-24,4309
2006-06-25,4492
2006-06-26,3681
2006-06-27,3709
2006-06-28,3780
2006-06-29,4191
2006-06-30,4245
2006-07-01,4445
2006-07-02,4620
2006-07-03,4102
2006-07-04,4111
2006-07-05,4041
2006-07-06,4345
2006-07-07,4748
2006-07-08,4487
2006-07-09,4846
2006-07-10,3743
2006-07-11,4286
2006-07-12,4304
2006-07-13,4560
2006-07-14,4774
2006-07-15,4577
2006-07-16,4450
2006-07-17,3860
2006-07-18,4128
2006-07-19,4373
2006-07-20,4222
2006-07-21,4790
2006-07-22,4577
2006-07-23,4456
2006-07-24,4013
2006-07-25,3955
2006-07-26,4154
2006-07-27,4323
2006-07-28,4718
2006-07-29,4600
2006-07-30,4650
2006-07-31,3881
2006-08-01,3992
2006-08-02,4270
2006-08-03,4691
2006-08-04,4922
2006-08-05,4807
2006-08-06,4499
2006-08-07,3991
2006-08-08,3939
2006-08-09,4005
2006-08-10,4319
2006-08-11,5103
2006-08-12,4800
2006-08-13,4770
2006-08-14,3757
2006-08-15,4068
2006-08-16,4267
2006-08-17,4461
2006-08-18,4582
2006-08-19,4500
2006-08-20,4719
2006-08-21,4044
2006-08-22,3781
2006-08-23,4199
2006-08-24,4456
2006-08-25,5044
2006-08-26,4758
2006-08-27,4826
2006-08-28,3858
2006-08-29,3823
2006-08-30,4165
2006-08-31,4589
2006-09-01,4932
2006-09-02,4570
2006-09-03,4609
2006-09-04,3861
2006-09-05,3856
2006-09-06,4035
2006-09-07,4505
2006-09-08,4547
2006-09-09,4711
2006-09-10,4489
2006-09-11,3987
2006-09-12,3739
2006-09-13,4137
2006-09-14,4147
2006-09-15,4470
2006-09-16,4493
2006-09-17,4701
2006-09-18,3698
2006-09-19,3726
2006-09-20,4041
2006-09-21,4243
2006-09-22,4793
2006-09-23,4607
2006-09-24,4531
2006-09-25,4058
2006-09-26,3963
2006-09-27,4005
2006-09-28,4016
2006-09-29,4659
2006-09-30,4407
2006-10-01,3843
2006-10-02,3171
2006-10-03,3087
2006-10-04,3340
2006-10-05,3567
2006-10-06,4057
2006-10-07,3765
2006-10-08,3817
2006-10-09,3127
2006-10-10,3264
2006-10-11,3465
2006-10-12,3323
2006-10-13,3804
2006-10-14,3553
2006-10-15,3767
2006-10-16,3255
2006-10-17,3153
2006-10-18,3042
2006-10-19,3435
2006-10-20,3974
2006-10-21,3720
2006-10-22,3774
2006-10-23,3090
2006-10-24,3076
2006-10-25,3379
2006-10-26,3384
2006-10-27,4145
2006-10-28,3724
2006-10-29,3642
2006-10-30,3054
2006-10-31,3209
2006-11-01,2980
2006-11-02,3279
2006-11-03,3509
2006-11-04,3221
2006-11-05,3589
2006-11-06,2830
2006-11-07,2994
2006-11-08,2941
2006-11-09,3196
2006-11-10,3524
2006-11-11,3087
2006-11-12,3603
2006-11-13,2953
2006-11-14,2875
2006-11-15,2889
2006-11-16,3194
2006-11-17,3497
2006-11-18,3347
2006-11-19,3389
2006-11-20,2875
2006-11-21,3063
2006-11-22,3065
2006-11-23,3040
2006-11-24,3652
2006-11-25,3496
2006-11-26,3737
2006-11-27,2714
2006-11-28,2940
2006-11-29,2786
2006-11-30,3217
2006-12-01,3035
2006-12-02,3132
2006-12-03,2907
2006-12-04,2360
2006-12-05,2545
2006-12-06,2484
2006-12-07,2875
2006-12-08,2871
2006-12-09,2938
2006-12-10,2771
2006-12-11,2480
2006-12-12,2737
2006-12-13,2702
2006-12-14,2717
2006-12-15,3091
2006-12-16,2937
2006-12-17,3038
2006-12-18,2388
2006-12-19,2642
2006-12-20,2415
2006-12-21,2740
2006-12-22,3042
2006-12-23,3000
2006-12-24,2991
2006-12-25,2385
2006-12-26,2499
2006-12-27,2687
2006-12-28,2794
2006-12-29,3032
2006-12-30,2885
2006-12-31,3061
2007-01-01,2529
2007-01-02,2649
2007-01-03,2948
2007-01-04,2733
2007-01-05,2972
2007-01-06,3096
2007-01-07,2996
2007-01-08,2547
2007-01-09,2585
2007-01-10,2715
2007-01-11,3038
2007-01-12,3267
2007-01-13,3105
2007-01-14,2916
2007-01-15,2472
2007-01-16,2393
2007-01-17,2662
2007-01-18,2973
2007-01-19,3236
2007-01-20,2990
2007-01-21,3066
2007-01-22,2513
2007-01-23,2677
2007-01-24,2813
2007-01-25,2714
2007-01-26,3211
2007-01-27,3112
2007-01-28,3024
2007-01-29,2638
2007-01-30,2919
2007-01-31,2730
2007-02-01,3402
2007-02-02,3612
2007-02-03,3538
2007-02-04,3637
2007-02-05,3025
2007-02-06,2990
2007-02-07,3219
2007-02-08,3528
2007-02-09,3766
2007-02-10,3634
2007-02-11,3550
2007-02-12,3083
2007-02-13,3131
2007-02-14,3090
2007-02-15,3393
2007-02-16,3579
2007-02-17,3438
2007-02-18,3604
2007-02-19,3036
2007-02-20,2971
2007-02-21,3314
2007-02-22,3423
2007-02-23,3616
2007-02-24,3327
2007-02-25,3562
2007-02-26,2958
2007-02-27,3113
2007-02-28,3156
2007-03-01,3231
2007-03-02,3787
2007-03-03,3601
2007-03-04,3789
2007-03-05,3035
2007-03-06,3399
2007-03-07,3088
2007-03-08,3634
2007-03-09,3809
2007-03-10,3750
2007-03-11,3717
2007-03-12,3235
2007-03-13,3167
2007-03-14,3182
2007-03-15,3648
2007-03-16,3824
2007-03-17,3669
2007-03-18,3867
2007-03-19,2998
2007-03-20,3277
2007-03-21,3241
2007-03-22,3459
2007-03-23,3849
2007-03-24,3449
2007-03-25,3605
2007-03-26,3258
2007-03-27,3310
2007-03-28,3302
2007-03-29,3504
2007-03-30,3799
2007-03-31,3813
2007-04-01,4091
2007-04-02,3485
2007-04-03,3711
2007-04-04,3578
2007-04-05,4073
2007-04-06,4038
2007-04-07,4277
2007-04-08,4066
2007-04-09,3428
2007-04-10,3332
2007-04-11,3620
2007-04-12,3721
2007-04-13,4176
2007-04-14,4026
2007-04-15,4258
2007-04-16,3483
2007-04-17,3606
2007-04-18,3537
2007-04-19,3743
2007-04-20,4535
2007-04-21,3942
2007-04-22,4358
2007-04-23,3428
2007-04-24,3568
2007-04-25,3816
2007-04-26,4034
2007-04-27,4250
2007-04-28,3991
2007-04-29,4111
2007-04-30,3498
2007-05-01,3471
2007-05-02,3471
2007-05-03,3723
2007-05-04,4256
2007-05-05,3868
2007-05-06,3929
2007-05-07,3088
2007-05-08,3056
2007-05-09,3517
2007-05-10,3632
2007-05-11,3953
2007-05-12,3850
2007-05-13,3878
2007-05-14,3391
2007-05-15,3376
2007-05-16,3379
2007-05-17,3770
2007-05-18,3995
2007-05-19,3887
2007-05-20,3822
2007-05-21,3188
2007-05-22,3376
2007-05-23,3472
2007-05-24,3705
2007-05-25,3987
2007-05-26,3572
2007-05-27,3828
2007-05-28,3353
2007-05-29,3331
2007-05-30,3440
2007-05-31,3769
2007-06-01,4467
2007-06-02,4110
2007-06-03,4398
2007-06-04,3649
2007-06-05,3701
2007-06-06,3925
2007-06-07,4218
2007-06-08,4580
2007-06-09,4391
2007-06-10,4704
2007-06-11,3668
2007-06-12,3868
2007-06-13,3879
2007-06-14,4024
2007-06-15,4487
2007-06-16,4271
2007-06-17,4479
2007-06-18,4018
2007-06-19,3735
2007-06-20,3892
2007-06-21,4138
2007-06-22,4645
2007-06-23,4384
2007-06-24,4622
2007-06-25,3397
2007-06-26,3511
2007-06-27,3881
2007-06-28,4306
2007-06-29,4330
2007-06-30,3887
2007-07-01,4925
2007-07-02,4087
2007-07-03,4022
2007-07-04,4162
2007-07-05,4373
2007-07-06,5020
2007-07-07,4638
2007-07-08,4912
2007-07-09,3647
2007-07-10,4056
2007-07-11,4141
2007-07-12,4486
2007-07-13,4906
2007-07-14,4874
2007-07-15,4514
2007-07-16,4059
2007-07-17,4263
2007-07-18,4591
2007-07-19,4450
2007-07-20,5057
2007-07-21,4443
2007-07-22,4424
2007-07-23,4172
2007-07-24,4181
2007-07-25,4489
2007-07-26,4309
2007-07-27,5092
2007-07-28,5052
2007-07-29,4899
2007-07-30,4091
2007-07-31,4183
2007-08-01,4035
2007-08-02,4696
2007-08-03,4847
2007-08-04,4780
2007-08-05,4520
2007-08-06,3848
2007-08-07,4350
2007-08-08,4218
2007-08-09,4711
2007-08-10,4939
2007-08-11,4394
2007-08-12,4931
2007-08-13,3931
2007-08-14,4243
2007-08-15,4274
2007-08-16,4241
2007-08-17,4981
2007-08-18,5058
2007-08-19,4865
2007-08-20,4005
2007-08-21,4298
2007-08-22,4301
2007-08-23,4516
2007-08-24,4764
2007-08-25,4735
2007-08-26,4955
2007-08-27,3896
2007-08-28,4348
2007-08-29,4256
2007-08-30,4344
2007-08-31,5126
2007-09-01,4560
2007-09-02,4815
2007-09-03,3896
2007-09-04,4053
2007-09-05,4260
2007-09-06,4442
2007-09-07,4518
2007-09-08,4426
2007-09-09,4843
2007-09-10,3918
2007-09-11,3987
2007-09-12,3988
2007-09-13,4231
2007-09-14,4514
2007-09-15,4590
2007-09-16,4592
2007-09-17,3803
2007-09-18,4052
2007-09-19,4241
2007-09-20,4719
2007-09-21,4601
2007-09-22,4793
2007-09-23,4850
2007-09-24,3829
2007-09-25,4091
2007-09-26,4121
2007-09-27,4426
2007-09-28,5114
2007-09-29,4704
2007-09-30,4774
2007-10-01,3217
2007-10-02,3196
2007-10-03,3450
2007-10-04,3803
2007-10-05,3816
2007-10-06,3682
2007-10-07,3909
2007-10-08,3154
2007-10-09,3277
2007-10-10,3424
2007-10-11,3475
2007-10-12,3894
2007-10-13,3917
2007-10-14,3714
2007-10-15,3084
2007-10-16,3297
2007-10-17,3564
2007-10-18,3624
2007-10-19,3966
2007-10-20,3829
2007-10-21,3654
2007-10-22,3323
2007-10-23,3416
2007-10-24,3425
2007-10-25,3777
2007-10-26,3872
2007-10-27,3974
2007-10-28,3913
2007-10-29,3228
2007-10-30,3369
2007-10-31,3462
2007-11-01,3406
2007-11-02,3473
2007-11-03,3331
2007-11-04,3611
2007-11-05,2863
2007-11-06,3113
2007-11-07,3296
2007-11-08,3221
2007-11-09,3695
2007-11-10,3284
2007-11-11,3576
2007-11-12,2945
2007-11-13,3068
2007-11-14,3041
2007-11-15,3077
2007-11-16,3672
2007-11-17,3175
2007-11-18,3446
2007-11-19,3021
2007-11-20,3038
2007-11-21,3323
2007-11-22,3384
2007-11-23,3526
2007-11-24,3425
2007-11-25,3479
2007-11-26,2762
2007-11-27,2918
2007-11-28,3050
2007-11-29,3034
2007-11-30,3615
2007-12-01,2964
2007-12-02,2866
2007-12-03,2591
2007-12-04,2703
2007-12-05,2740
2007-12-06,2822
2007-12-07,3218
2007-12-08,3061
2007-12-09,3077
2007-12-10,2481
2007-12-11,2662
2007-12-12,2832
2007-12-13,2795
2007-12-14,3385
2007-12-15,2935
2007-12-16,3048
2007-12-17,2495
2007-12-18,2657
2007-12-19,2553
2007-12-20,2800
2007-12-21,3033
2007-12-22,3004
2007-12-23,3150
2007-12-24,2613
2007-12-25,2418
2007-12-26,2913
2007-12-27,2884
2007-12-28,3068
2007-12-29,3007
2007-12-30,3063
2007-12-31,2496
2008-01-01,2619
2008-01-02,2625
2008-01-03,2776
2008-01-04,3036
2008-01-05,2802
2008-01-06,3019
2008-01-07,2573
2008-01-08,2648
2008-01-09,2759
2008-01-10,2848
2008-01-11,3053
2008-01-12,3037
2008-01-13,2861
2008-01-14,2441
2008-01-15,2514
2008-01-16,2783
2008-01-17,2909
2008-01-18,3164
2008-01-19,3061
2008-01-20,2911
2008-01-21,2552
2008-01-22,2590
2008-01-23,2761
2008-01-24,2805
2008-01-25,3069
2008-01-26,3006
2008-01-27,3096
2008-01-28,2462
2008-01-29,2596
2008-01-30,2583
2008-01-31,2570
2008-02-01,3545
2008-02-02,3409
2008-02-03,3430
2008-02-04,2658
2008-02-05,2908
2008-02-06,2799
2008-02-07,3339
2008-02-08,3387
2008-02-09,3485
2008-02-10,3512
2008-02-11,2763
2008-02-12,2827
2008-02-13,3072
2008-02-14,3092
2008-02-15,3533
2008-02-16,3282
2008-02-17,3187
2008-02-18,2630
2008-02-19,2967
2008-02-20,2975
2008-02-21,3125
2008-02-22,3606
2008-02-23,3475
2008-02-24,3367
2008-02-25,2819
2008-02-26,2995
2008-02-27,2891
2008-02-28,3211
2008-02-29,3588
2008-03-01,3654
2008-03-02,3387
2008-03-03,2969
2008-03-04,3050
2008-03-05,3256
2008-03-06,3464
2008-03-07,3961
2008-03-08,3507
2008-03-09,3571
2008-03-10,3173
2008-03-11,3180
2008-03-12,3388
2008-03-13,3441
2008-03-14,3611
2008-03-15,3402
2008-03-16,3436
2008-03-17,3120
2008-03-18,3278
2008-03-19,3454
2008-03-20,3507
2008-03-21,3917
2008-03-22,3496
2008-03-23,3487
2008-03-24,3141
2008-03-25,3193
2008-03-26,3257
2008-03-27,3453
2008-03-28,3806
2008-03-29,3729
2008-03-30,3798
2008-03-31,3108
2008-04-01,3648
2008-04-02,3719
2008-04-03,3774
2008-04-04,4350
2008-04-05,3822
2008-04-06,4242
2008-04-07,3290
2008-04-08,3579
2008-04-09,3545
2008-04-10,3910
2008-04-11,4232
2008-04-12,3794
2008-04-13,4152
2008-04-14,3364
2008-04-15,3653
2008-04-16,3653
2008-04-17,3889
2008-04-18,4095
2008-04-19,3935
2008-04-20,4026
2008-04-21,3537
2008-04-22,3751
2008-04-23,3550
2008-04-24,3980
2008-04-25,3916
2008-04-26,3850
2008-04-27,3954
2008-04-28,3271
2008-04-29,3347
2008-04-30,3706
2008-05-01,3499
2008-05-02,3947
2008-05-03,3783
2008-05-04,3796
2008-05-05,3229
2008-05-06,3249
2008-05-07,3218
2008-05-08,3656
2008-05-09,3815
2008-05-10,3573
2008-05-11,3737
2008-05-12,3056
2008-05-13,3210
2008-05-14,3398
2008-05-15,3569
2008-05-16,3773
2008-05-17,3631
2008-05-18,3902
2008-05-19,3211
2008-05-20,3494
2008-05-21,3497
2008-05-22,3667
2008-05-23,3706
2008-05-24,3792
2008-05-25,3754
2008-05-26,3096
2008-05-27,3276
2008-05-28,3469
2008-05-29,3588
2008-05-30,3775
2008-05-31,3790
2008-06-01,4219
2008-06-02,3649
2008-06-03,3697
2008-06-04,3823
2008-06-05,4154
2008-06-06,4306
2008-06-07,4527
2008-06-08,4040
2008-06-09,3546
2008-06-10,3786
2008-06-11,3932
2008-06-12,4031
2008-06-13,4460
2008-06-14,4299
2008-06-15,4280
2008-06-16,3798
2008-06-17,3847
2008-06-18,3970
2008-06-19,3909
2008-06-20,4457
2008-06-21,4193
2008-06-22,4163
2008-06-23,3667
2008-06-24,3667
2008-06-25,3941
2008-06-26,3894
2008-06-27,4738
2008-06-28,4105
2008-06-29,4348
2008-06-30,3722
2008-07-01,3992
2008-07-02,4324
2008-07-03,4219
2008-07-04,5118
2008-07-05,4621
2008-07-06,4605
2008-07-07,3906
2008-07-08,4188
2008-07-09,4113
2008-07-10,4293
2008-07-11,4833
2008-07-12,4428
2008-07-13,5002
2008-07-14,3869
2008-07-15,4191
2008-07-16,4230
2008-07-17,4257
2008-07-18,4870
2008-07-19,4745
2008-07-20,4672
2008-07-21,4112
2008-07-22,4218
2008-07-23,4334
2008-07-24,4338
2008-07-25,4687
2008-07-26,4520
2008-07-27,4735
2008-07-28,4022
2008-07-29,3763
2008-07-30,4198
2008-07-31,4433
2008-08-01,4776
2008-08-02,4780
2008-08-03,4725
2008-08-04,4088
2008-08-05,4003
2008-08-06,4294
2008-08-07,4616
2008-08-08,5044
2008-08-09,4399
2008-08-10,4615
2008-08-11,3861
2008-08-12,4102
2008-08-13,4258
2008-08-14,4238
2008-08-15,4835
2008-08-16,4250
2008-08-17,4892
2008-08-18,3838
2008-08-19,4041
2008-08-20,4113
2008-08-21,4541
2008-08-22,4344
2008-08-23,4571
2008-08-24,4640
2008-08-25,3846
2008-08-26,4277
2008-08-27,4029
2008-08-28,4484
2008-08-29,4883
2008-08-30,4776
2008-08-31,4548
2008-09-01,3804
2008-09-02,4183
2008-09-03,4215
2008-09-04,4125
2008-09-05,4727
2008-09-06,4631
2008-09-07,4788
2008-09-08,3811
2008-09-09,3618
2008-09-10,4229
2008-09-11,4175
2008-09-12,4478
2008-09-13,4116
2008-09-14,4784
2008-09-15,3922
2008-09-16,3997
2008-09-17,4355
2008-09-18,4458
2008-09-19,5090
2008-09-20,4346
2008-09-21,4646
2008-09-22,3683
2008-09-23,3996
2008-09-24,4117
2008-09-25,4457
2008-09-26,4826
2008-09-27,4668
2008-09-28,4766
2008-09-29,4199
2008-09-30,3984
2008-10-01,3230
2008-10-02,3537
2008-10-03,3765
2008-10-04,3864
2008-10-05,3703
2008-10-06,3077
2008-10-07,3186
2008-10-08,3424
2008-10-09,3487
2008-10-10,3787
2008-10-11,3888
2008-10-12,3628
2008-10-13,3143
2008-10-14,3313
2008-10-15,3149
2008-10-16,3566
2008-10-17,3731
2008-10-18,3779
2008-10-19,3614
2008-10-20,3215
2008-10-21,3365
2008-10-22,3440
2008-10-23,3537
2008-10-24,3843
2008-10-25,3599
2008-10-26,3933
2008-10-27,3062
2008-10-28,3122
2008-10-29,3417
2008-10-30,3409
2008-10-31,3745
2008-11-01,3152
2008-11-02,3323
2008-11-03,2829
2008-11-04,2953
2008-11-05,3119
2008-11-06,3228
2008-11-07,3478
2008-11-08,3297
2008-11-09,3441
2008-11-10,2964
2008-11-11,2941
2008-11-12,2969
2008-11-13,3059
2008-11-14,3324
2008-11-15,3398
2008-11-16,3449
2008-11-17,2895
2008-11-18,2915
2008-11-19,3167
2008-11-20,3116
2008-11-21,3618
2008-11-22,3316
2008-11-23,3309
2008-11-24,2896
2008-11-25,2970
2008-11-26,3056
2008-11-27,3178
2008-11-28,3497
2008-11-29,3598
2008-11-30,3521
2008-12-01,2589
2008-12-02,2616
2008-12-03,2781
2008-12-04,2872
2008-12-05,3119
2008-12-06,2924
2008-12-07,3001
2008-12-08,2245
2008-12-09,2625
2008-12-10,2641
2008-12-11,2978
2008-12-12,3119
2008-12-13,2832
2008-12-14,3004
2008-12-15,2433
2008-12-16,2649
2008-12-17,2714
2008-12-18,2916
2008-12-19,3030
2008-12-20,2959
2008-12-21,2865
2008-12-22,2587
2008-12-23,2653
2008-12-24,2733
2008-12-25,2821
2008-12-26,3162
2008-12-27,3121
2008-12-28,2979
2008-12-29,2538
2008-12-30,2507
2008-12-31,2605
2009-01-01,2738
2009-01-02,3131
2009-01-03,2833
2009-01-04,2886
2009-01-05,2408
2009-01-06,2473
2009-01-07,2625
2009-01-08,2586
2009-01-09,3150
2009-01-10,2792
2009-01-11,2984
2009-01-12,2334
2009-01-13,2580
2009-01-14,2660
2009-01-15,2765
2009-01-16,2909
2009-01-17,2883
2009-01-18,2790
2009-01-19,2421
2009-01-20,2611
2009-01-21,2671
2009-01-22,2730
2009-01-23,2912
2009-01-24,2923
2009-01-25,2912
2009-01-26,2244
2009-01-27,2590
2009-01-28,2596
2009-01-29,2843
2009-01-30,2899
2009-01-31,2541
2009-02-01,3494
2009-02-02,2934
2009-02-03,2819
2009-02-04,2983
2009-02-05,3557
2009-02-06,3545
2009-02-07,3485
2009-02-08,3381
2009-02-09,2691
2009-02-10,2979
2009-02-11,3061
2009-02-12,3198
2009-02-13,3569
2009-02-14,3430
2009-02-15,3442
2009-02-16,2775
2009-02-17,3048
2009-02-18,2878
2009-02-19,3011
2009-02-20,3676
2009-02-21,3458
2009-02-22,3453
2009-02-23,2762
2009-02-24,2922
2009-02-25,3061
2009-02-26,3063
2009-02-27,3491
2009-02-28,3476
2009-03-01,3765
2009-03-02,2966
2009-03-03,3188
2009-03-04,2987
2009-03-05,3440
2009-03-06,3610
2009-03-07,3560
2009-03-08,3555
2009-03-09,3149
2009-03-10,3011
2009-03-11,3272
2009-03-12,3329
2009-03-13,3694
2009-03-14,3499
2009-03-15,3480
2009-03-16,3008
2009-03-17,3099
2009-03-18,3229
2009-03-19,3372
2009-03-20,3818
2009-03-21,3636
2009-03-22,3454
2009-03-23,3101
2009-03-24,2977
2009-03-25,3268
2009-03-26,3435
2009-03-27,3466
2009-03-28,3534
2009-03-29,3527
2009-03-30,2930
2009-03-31,3253
2009-04-01,3450
2009-04-02,3602
2009-04-03,4106
2009-04-04,3977
2009-04-05,3935
2009-04-06,3454
2009-04-07,3488
2009-04-08,3261
2009-04-09,3638
2009-04-10,4015
2009-04-11,3949
2009-04-12,3591
2009-04-13,3615
2009-04-14,3488
2009-04-15,3549
2009-04-16,3860
2009-04-17,4431
2009-04-18,4002
2009-04-19,4085
2009-04-20,3334
2009-04-21,3408
2009-04-22,3472
2009-04-23,3600
2009-04-24,3997
2009-04-25,3700
2009-04-26,3944
2009-04-27,3123
2009-04-28,3447
2009-04-29,3526
2009-04-30,3726
2009-05-01,3743
2009-05-02,4004
2009-05-03,3856
2009-05-04,2955
2009-05-05,3214
2009-05-06,3217
2009-05-07,3328
2009-05-08,3634
2009-05-09,3670
2009-05-10,3593
2009-05-11,3194
2009-05-12,3299
2009-05-13,3445
2009-05-14,3348
2009-05-15,3876
2009-05-16,3695
2009-05-17,3620
2009-05-18,3006
2009-05-19,3367
2009-05-20,3313
2009-05-21,3528
2009-05-22,3703
2009-05-23,3461
2009-05-24,3607
2009-05-25,3076
2009-05-26,3069
2009-05-27,3285
2009-05-28,3247
2009-05-29,3663
2009-05-30,3700
2009-05-31,3759
2009-06-01,3489
2009-06-02,3521
2009-06-03,3628
2009-06-04,3900
2009-06-05,4465
2009-06-06,4275
2009-06-07,4142
2009-06-08,3395
2009-06-09,3685
2009-06-10,3655
2009-06-11,3880
2009-06-12,4569
2009-06-13,4260
2009-06-14,4239
2009-06-15,3380
2009-06-16,3678
2009-06-17,3904
2009-06-18,3900
2009-06-19,4572
2009-06-20,4328
2009-06-21,4461
2009-06-22,3576
2009-06-23,3726
2009-06-24,3950
2009-06-25,4014
2009-06-26,4289
2009-06-27,4075
2009-06-28,4251
2009-06-29,3378
2009-06-30,3633
2009-07-01,4198
2009-07-02,3920
2009-07-03,4942
2009-07-04,4622
2009-07-05,4456
2009-07-06,3873
2009-07-07,3922
2009-07-08,4217
2009-07-09,4391
2009-07-10,4460
2009-07-11,4539
2009-07-12,4496
2009-07-13,3812
2009-07-14,3822
2009-07-15,4291
2009-07-16,4400
2009-07-17,4569
2009-07-18,4240
2009-07-19,4467
2009-07-20,3858
2009-07-21,3955
2009-07-22,4221
2009-07-23,4363
2009-07-24,4849
2009-07-25,4498
2009-07-26,4308
2009-07-27,3775
2009-07-28,4067
2009-07-29,4036
2009-07-30,4320
2009-07-31,4638
2009-08-01,4360
2009-08-02,4586
2009-08-03,3907
2009-08-04,3897
2009-08-05,4078
2009-08-06,4176
2009-08-07,4957
2009-08-08,4477
2009-08-09,4840
2009-08-10,4072
2009-08-11,3978
2009-08-12,3967
2009-08-13,4003
2009-08-14,4524
2009-08-15,4306
2009-08-16,4828
2009-08-17,3881
2009-08-18,4043
2009-08-19,3793
2009-08-20,4137
2009-08-21,4918
2009-08-22,4569
2009-08-23,4582
2009-08-24,3942
2009-08-25,4217
2009-08-26,4080
2009-08-27,4328
2009-08-28,4802
2009-08-29,4902
2009-08-30,4267
2009-08-31,3958
2009-09-01,3877
2009-09-02,4093
2009-09-03,4117
2009-09-04,4648
2009-09-05,4525
2009-09-06,4985
2009-09-07,3879
2009-09-08,3777
2009-09-09,3954
2009-09-10,4147
2009-09-11,4363
2009-09-12,4364
2009-09-13,4610
2009-09-14,3604
2009-09-15,4036
2009-09-16,4082
2009-09-17,4106
2009-09-18,4632
2009-09-19,4662
2009-09-20,4610
2009-09-21,3774
2009-09-22,3861
2009-09-23,4024
2009-09-24,4139
2009-09-25,4313
2009-09-26,4730
2009-09-27,4519
2009-09-28,3825
2009-09-29,3885
2009-09-30,3910
2009-10-01,3356
2009-10-02,3523
2009-10-03,3821
2009-10-04,3448
2009-10-05,2915
2009-10-06,3073
2009-10-07,3363
2009-10-08,3380
2009-10-09,3571
2009-10-10,3695
2009-10-11,3696
2009-10-12,3081
2009-10-13,3199
2009-10-14,3487
2009-10-15,3637
2009-10-16,3643
2009-10-17,3740
2009-10-18,3652
2009-10-19,3077
2009-10-20,2936
2009-10-21,3198
2009-10-22,3282
2009-10-23,3841
2009-10-24,3672
2009-10-25,3342
2009-10-26,3022
2009-10-27,3244
2009-10-28,3197
2009-10-29,3465
2009-10-30,3778
2009-10-31,3582
2009-11-01,3308
2009-11-02,2684
2009-11-03,2779
2009-11-04,3056
2009-11-05,3133
2009-11-06,3443
2009-11-07,3232
2009-11-08,3304
2009-11-09,2906
2009-11-10,2859
2009-11-11,2842
2009-11-12,3213
2009-11-13,3435
2009-11-14,3284
2009-11-15,3528
2009-11-16,2801
2009-11-17,2922
2009-11-18,2859
2009-11-19,3107
2009-11-20,3533
2009-11-21,3102
2009-11-22,3364
2009-11-23,2813
2009-11-24,2897
2009-11-25,3090
2009-11-26,3168
2009-11-27,3638
2009-11-28,3166
2009-11-29,3356
2009-11-30,2812
2009-12-01,2437
2009-12-02,2697
2009-12-03,2964
2009-12-04,3026
2009-12-05,2922
2009-12-06,2932
2009-12-07,2392
2009-12-08,2370
2009-12-09,2546
2009-12-10,2607
2009-12-11,3208
2009-12-12,2860
2009-12-13,2888
2009-12-14,2530
2009-12-15,2432
2009-12-16,2540
2009-12-17,2747
2009-12-18,3137
2009-12-19,2922
2009-12-20,2949
2009-12-21,2460
2009-12-22,2567
2009-12-23,2629
2009-12-24,2642
2009-12-25,3033
2009-12-26,2763
2009-12-27,2932
2009-12-28,2412
2009-12-29,2757
2009-12-30,2606
2009-12-31,2606
2010-01-01,3251
2010-01-02,3154
2010-01-03,3338
2010-01-04,2592
2010-01-05,2580
2010-01-06,2896
2010-01-07,2814
2010-01-08,3217
2010-01-09,3069
2010-01-10,3146
2010-01-11,2711
2010-01-12,2666
2010-01-13,2789
2010-01-14,2955
2010-01-15,3283
2010-01-16,3108
2010-01-17,3202
2010-01-18,2725
2010-01-19,2769
2010-01-20,2861
2010-01-21,2793
2010-01-22,3272
2010-01-23,3149
2010-01-24,3234
2010-01-25,2583
2010-01-26,2668
2010-01-27,2759
2010-01-28,3012
2010-01-29,3385
2010-01-30,3053
2010-01-31,3254
2010-02-01,3152
2010-02-02,3225
2010-02-03,3314
2010-02-04,3598
2010-02-05,3917
2010-02-06,3965
2010-02-07,3628
2010-02-08,3196
2010-02-09,3179
2010-02-10,3237
2010-02-11,3505
2010-02-12,3892
2010-02-13,4048
2010-02-14,3716
2010-02-15,3014
2010-02-16,3270
2010-02-17,3096
2010-02-18,3495
2010-02-19,3875
2010-02-20,3775
2010-02-21,3867
2010-02-22,3083
2010-02-23,3222
2010-02-24,3249
2010-02-25,3367
2010-02-26,3915
2010-02-27,3509
2010-02-28,3685
2010-03-01,3201
2010-03-02,3488
2010-03-03,3750
2010-03-04,3536
2010-03-05,3827
2010-03-06,3864
2010-03-07,3954
2010-03-08,3342
2010-03-09,3369
2010-03-10,3503
2010-03-11,3752
2010-03-12,4242
2010-03-13,3615
2010-03-14,3900
2010-03-15,3341
2010-03-16,3312
2010-03-17,3742
2010-03-18,3622
2010-03-19,4087
2010-03-20,3956
2010-03-21,3870
2010-03-22,3102
2010-03-23,3371
2010-03-24,3655
2010-03-25,3661
2010-03-26,3971
2010-03-27,4007
2010-03-28,3906
2010-03-29,3257
2010-03-30,3440
2010-03-31,3623
2010-04-01,4333
2010-04-02,4547
2010-04-03,4360
2010-04-04,4191
2010-04-05,3452
2010-04-06,3703
2010-04-07,3824
2010-04-08,3849
2010-04-09,4392
2010-04-10,4249
2010-04-11,4320
2010-04-12,3644
2010-04-13,3733
2010-04-14,3742
2010-04-15,3928
2010-04-16,4233
2010-04-17,4452
2010-04-18,4268
2010-04-19,3553
2010-04-20,3575
2010-04-21,4201
2010-04-22,3850
2010-04-23,4352
2010-04-24,4251
2010-04-25,4356
2010-04-26,3701
2010-04-27,3929
2010-04-28,3877
2010-04-29,3852
2010-04-30,4379
2010-05-01,4018
2010-05-02,4340
2010-05-03,3231
2010-05-04,3653
2010-05-05,3636
2010-05-06,3906
2010-05-07,4177
2010-05-08,3858
2010-05-09,4154
2010-05-10,3475
2010-05-11,3624
2010-05-12,3612
2010-05-13,3715
2010-05-14,3963
2010-05-15,4089
2010-05-16,4107
2010-05-17,3282
2010-05-18,3439
2010-05-19,3555
2010-05-20,3597
2010-05-21,4072
2010-05-22,3817
2010-05-23,3989
2010-05-24,3309
2010-05-25,3306
2010-05-26,3869
2010-05-27,3961
2010-05-28,4078
2010-05-29,4013
2010-05-30,4106
2010-05-31,3538
2010-06-01,3864
2010-06-02,4258
2010-06-03,4224
2010-06-04,4535
2010-06-05,4626
2010-06-06,4801
2010-06-07,4204
2010-06-08,3811
2010-06-09,4202
2010-06-10,4245
2010-06-11,4888
2010-06-12,4279
2010-06-13,4391
2010-06-14,3751
2010-06-15,3989
2010-06-16,4009
2010-06-17,4406
2010-06-18,4929
2010-06-19,4606
2010-06-20,4854
2010-06-21,3911
2010-06-22,3809
2010-06-23,4297
2010-06-24,4215
2010-06-25,4909
2010-06-26,4760
2010-06-27,4667
2010-06-28,3653
2010-06-29,3850
2010-06-30,4291
2010-07-01,4631
2010-07-02,5161
2010-07-03,5010
2010-07-04,5090
2010-07-05,4211
2010-07-06,4272
2010-07-07,4388
2010-07-08,4798
2010-07-09,5246
2010-07-10,4836
2010-07-11,5157
2010-07-12,4152
2010-07-13,4175
2010-07-14,4319
2010-07-15,4499
2010-07-16,5097
2010-07-17,5091
2010-07-18,4829
2010-07-19,4198
2010-07-20,4205
2010-07-21,4396
2010-07-22,4412
2010-07-23,5107
2010-07-24,4847
2010-07-25,5063
2010-07-26,4203
2010-07-27,4123
2010-07-28,4605
2010-07-29,4693
2010-07-30,5182
2010-07-31,4879
2010-08-01,4993
2010-08-02,4300
2010-08-03,4477
2010-08-04,4263
2010-08-05,4677
2010-08-06,5220
2010-08-07,5039
2010-08-08,5298
2010-08-09,4153
2010-08-10,4327
2010-08-11,4459
2010-08-12,4634
2010-08-13,5203
2010-08-14,5129
2010-08-15,4898
2010-08-16,4332
2010-08-17,4142
2010-08-18,4451
2010-08-19,4712
2010-08-20,5575
2010-08-21,4946
2010-08-22,4693
2010-08-23,3969
2010-08-24,4409
2010-08-25,4638
2010-08-26,4830
2010-08-27,5298
2010-08-28,5197
2010-08-29,4989
2010-08-30,4402
2010-08-31,4153
2010-09-01,4267
2010-09-02,4334
2010-09-03,5063
2010-09-04,4839
2010-09-05,4955
2010-09-06,4151
2010-09-07,4136
2010-09-08,4377
2010-09-09,4384
2010-09-10,5356
2010-09-11,4796
2010-09-12,4851
2010-09-13,4373
2010-09-14,4089
2010-09-15,4233
2010-09-16,4449
2010-09-17,5100
2010-09-18,4921
2010-09-19,5063
2010-09-20,4515
2010-09-21,3938
2010-09-22,4501
2010-09-23,4537
2010-09-24,5007
2010-09-25,4742
2010-09-26,4778
2010-09-27,4386
2010-09-28,4400
2010-09-29,4410
2010-09-30,4846
2010-10-01,3935
2010-10-02,3757
2010-10-03,3706
2010-10-04,3285
2010-10-05,3494
2010-10-06,3595
2010-10-07,3781
2010-10-08,3950
2010-10-09,4051
2010-10-10,4046
2010-10-11,3454
2010-10-12,3245
2010-10-13,3621
2010-10-14,3605
2010-10-15,4098
2010-10-16,4014
2010-10-17,4025
2010-10-18,3267
2010-10-19,3476
2010-10-20,3390
2010-10-21,3913
2010-10-22,4126
2010-10-23,4095
2010-10-24,3938
2010-10-25,3306
2010-10-26,3382
2010-10-27,3692
2010-10-28,3668
2010-10-29,4249
2010-10-30,3888
2010-10-31,3735
2010-11-01,3033
2010-11-02,3062
2010-11-03,3297
2010-11-04,3313
2010-11-05,3943
2010-11-06,3610
2010-11-07,3665
2010-11-08,3166
2010-11-09,3302
2010-11-10,3290
2010-11-11,3364
2010-11-12,3582
2010-11-13,3535
2010-11-14,3608
2010-11-15,3107
2010-11-16,3155
2010-11-17,3372
2010-11-18,3383
2010-11-19,3812
2010-11-20,3772
2010-11-21,3732
2010-11-22,3089
2010-11-23,3127
2010-11-24,3220
2010-11-25,3354
2010-11-26,3747
2010-11-27,3718
2010-11-28,3659
2010-11-29,2949
2010-11-30,3392
2010-12-01,2868
2010-12-02,2832
2010-12-03,3239
2010-12-04,3132
2010-12-05,3366
2010-12-06,2563
2010-12-07,2845
2010-12-08,2975
2010-12-09,2913
2010-12-10,3258
2010-12-11,3007
2010-12-12,3154
2010-12-13,2663
2010-12-14,2815
2010-12-15,2945
2010-12-16,2900
2010-12-17,3064
2010-12-18,3118
2010-12-19,3210
2010-12-20,2690
2010-12-21,2720
2010-12-22,2849
2010-12-23,3136
2010-12-24,3334
2010-12-25,3079
2010-12-26,3121
2010-12-27,2650
2010-12-28,2909
2010-12-29,2818
2010-12-30,2976
2010-12-31,3235
2011-01-01,3344
2011-01-02,3503
2011-01-03,2795
2011-01-04,2848
2011-01-05,2931
2011-01-06,2817
2011-01-07,3484
2011-01-08,3235
2011-01-09,3328
2011-01-10,2683
2011-01-11,2801
2011-01-12,2885
2011-01-13,3184
2011-01-14,3351
2011-01-15,3455
2011-01-16,3328
2011-01-17,2629
2011-01-18,2827
2011-01-19,2860
2011-01-20,2838
2011-01-21,3586
2011-01-22,3299
2011-01-23,3340
2011-01-24,2768
2011-01-25,2702
2011-01-26,2878
2011-01-27,3164
2011-01-28,3271
2011-01-29,2935
2011-01-30,3252
2011-01-31,2738
2011-02-01,3347
2011-02-02,3522
2011-02-03,3686
2011-02-04,4020
2011-02-05,3936
2011-02-06,3642
2011-02-07,3285
2011-02-08,3404
2011-02-09,3285
2011-02-10,3416
2011-02-11,3880
2011-02-12,3690
2011-02-13,3948
2011-02-14,3159
2011-02-15,3231
2011-02-16,3361
2011-02-17,3747
2011-02-18,3986
2011-02-19,3754
2011-02-20,3832
2011-02-21,3374
2011-02-22,3244
2011-02-23,3592
2011-02-24,3633
2011-02-25,3961
2011-02-26,4108
2011-02-27,3704
2011-02-28,3188
2011-03-01,3316
2011-03-02,3692
2011-03-03,3973
2011-03-04,4387
2011-03-05,4099
2011-03-06,3974
2011-03-07,3316
2011-03-08,3263
2011-03-09,3827
2011-03-10,3813
2011-03-11,4073
2011-03-12,4113
2011-03-13,3865
2011-03-14,3406
2011-03-15,3445
2011-03-16,3653
2011-03-17,3743
2011-03-18,3934
2011-03-19,3941
2011-03-20,4149
2011-03-21,3355
2011-03-22,3560
2011-03-23,3442
2011-03-24,3748
2011-03-25,4054
2011-03-26,4033
2011-03-27,4006
2011-03-28,3440
2011-03-29,3598
2011-03-30,3659
2011-03-31,3787
2011-04-01,4437
2011-04-02,4359
2011-04-03,4356
2011-04-04,3681
2011-04-05,3794
2011-04-06,3828
2011-04-07,3877
2011-04-08,4490
2011-04-09,4389
2011-04-10,4230
2011-04-11,3728
2011-04-12,4100
2011-04-13,4105
2011-04-14,4401
2011-04-15,4661
2011-04-16,4538
2011-04-17,4327
2011-04-18,3642
2011-04-19,3476
2011-04-20,4128
2011-04-21,4386
2011-04-22,4509
2011-04-23,4321
2011-04-24,4322
2011-04-25,3776
2011-04-26,3996
2011-04-27,3722
2011-04-28,4221
2011-04-29,4553
2011-04-30,4377
2011-05-01,4243
2011-05-02,3481
2011-05-03,3603
2011-05-04,3700
2011-05-05,4048
2011-05-06,4388
2011-05-07,4133
2011-05-08,3990
2011-05-09,3458
2011-05-10,3730
2011-05-11,3733
2011-05-12,4005
2011-05-13,4592
2011-05-14,4250
2011-05-15,4189
2011-05-16,3442
2011-05-17,3293
2011-05-18,3706
2011-05-19,3870
2011-05-20,4384
2011-05-21,4079
2011-05-22,4129
2011-05-23,3286
2011-05-24,3497
2011-05-25,3790
2011-05-26,4150
2011-05-27,4310
2011-05-28,4148
2011-05-29,4315
2011-05-30,3405
2011-05-31,3663
2011-06-01,4112
2011-06-02,4567
2011-06-03,4923
2011-06-04,4692
2011-06-05,4598
2011-06-06,4066
2011-06-07,4393
2011-06-08,4072
2011-06-09,4380
2011-06-10,4936
2011-06-11,4771
2011-06-12,4635
2011-06-13,3575
2011-06-14,4289
2011-06-15,4334
2011-06-16,4162
2011-06-17,4793
2011-06-18,4898
2011-06-19,4967
2011-06-20,4098
2011-06-21,4069
2011-06-22,4234
2011-06-23,4412
2011-06-24,5090
2011-06-25,4501
2011-06-26,4595
2011-06-27,4108
2011-06-28,4088
2011-06-29,4425
2011-06-30,4328
2011-07-01,5299
2011-07-02,4872
2011-07-03,5128
2011-07-04,4080
2011-07-05,4364
2011-07-06,4347
2011-07-07,4923
2011-07-08,5443
2011-07-09,4730
2011-07-10,5366
2011-07-11,4679
2011-07-12,4447
2011-07-13,4475
2011-07-14,5281
2011-07-15,5064
2011-07-16,5039
2011-07-17,5159
2011-07-18,4505
2011-07-19,4496
2011-07-20,4497
2011-07-21,4646
2011-07-22,5246
2011-07-23,4858
2011-07-24,5135
2011-07-25,4218
2011-07-26,4208
2011-07-27,4778
2011-07-28,4722
2011-07-29,5074
2011-07-30,5005
2011-07-31,5139
2011-08-01,4111
2011-08-02,4571
2011-08-03,4487
2011-08-04,5184
2011-08-05,5503
2011-08-06,5052
2011-08-07,5081
2011-08-08,4363
2011-08-09,4615
2011-08-10,4654
2011-08-11,4854
2011-08-12,5415
2011-08-13,5016
2011-08-14,5155
2011-08-15,4059
2011-08-16,4672
2011-08-17,4707
2011-08-18,4759
2011-08-19,5763
2011-08-20,5140
2011-08-21,5028
2011-08-22,4510
2011-08-23,4581
2011-08-24,4723
2011-08-25,4818
2011-08-26,5489
2011-08-27,5077
2011-08-28,5319
2011-08-29,4087
2011-08-30,4450
2011-08-31,4939
2011-09-01,4648
2011-09-02,5165
2011-09-03,4925
2011-09-04,4878
2011-09-05,3945
2011-09-06,4376
2011-09-07,4570
2011-09-08,4767
2011-09-09,5249
2011-09-10,5011
2011-09-11,5277
2011-09-12,4247
2011-09-13,4323
2011-09-14,4504
2011-09-15,4873
2011-09-16,5537
2011-09-17,4893
2011-09-18,5112
2011-09-19,4326
2011-09-20,4259
2011-09-21,4552
2011-09-22,4531
2011-09-23,4949
2011-09-24,5067
2011-09-25,5026
2011-09-26,4306
2011-09-27,4409
2011-09-28,4393
2011-09-29,4768
2011-09-30,5048
2011-10-01,4247
2011-10-02,3927
2011-10-03,3437
2011-10-04,3441
2011-10-05,3755
2011-10-06,3821
2011-10-07,4193
2011-10-08,4170
2011-10-09,4127
2011-10-10,3523
2011-10-11,3448
2011-10-12,3500
2011-10-13,3880
2011-10-14,4223
2011-10-15,4138
2011-10-16,4112
2011-10-17,3485
2011-10-18,3368
2011-10-19,3925
2011-10-20,3843
2011-10-21,4375
2011-10-22,3931
2011-10-23,4168
2011-10-24,3303
2011-10-25,3627
2011-10-26,3635
2011-10-27,3869
2011-10-28,4375
2011-10-29,3875
2011-10-30,4024
2011-10-31,3516
2011-11-01,3480
2011-11-02,3326
2011-11-03,3582
2011-11-04,3862
2011-11-05,3926
2011-11-06,3514
2011-11-07,3152
2011-11-08,3057
2011-11-09,3049
2011-11-10,3545
2011-11-11,3895
2011-11-12,3639
2011-11-13,3729
2011-11-14,3482
2011-11-15,3212
2011-11-16,3402
2011-11-17,3429
2011-11-18,3917
2011-11-19,3645
2011-11-20,3689
2011-11-21,3341
2011-11-22,3375
2011-11-23,3358
2011-11-24,3226
2011-11-25,3828
2011-11-26,4024
2011-11-27,3713
2011-11-28,3263
2011-11-29,3405
2011-11-30,3367
2011-12-01,3011
2011-12-02,3136
2011-12-03,3328
2011-12-04,3215
2011-12-05,2795
2011-12-06,2741
2011-12-07,2928
2011-12-08,3107
2011-12-09,3460
2011-12-10,3124
2011-12-11,3448
2011-12-12,2720
2011-12-13,2698
2011-12-14,2944
2011-12-15,3107
2011-12-16,3447
2011-12-17,3406
2011-12-18,3282
2011-12-19,2766
2011-12-20,2756
2011-12-21,3040
2011-12-22,3123
2011-12-23,3378
2011-12-24,3034
2011-12-25,3477
2011-12-26,2658
2011-12-27,2807
2011-12-28,2992
2011-12-29,2973
2011-12-30,3249
2011-12-31,3009
2012-01-01,3512
2012-01-02,2820
2012-01-03,3271
2012-01-04,2952
2012-01-05,3108
2012-01-06,3478
2012-01-07,3393
2012-01-08,3369
2012-01-09,2937
2012-01-10,2865
2012-01-11,2911
2012-01-12,3009
2012-01-13,3272
2012-01-14,3304
2012-01-15,3390
2012-01-16,2812
2012-01-17,3096
2012-01-18,3190
2012-01-19,3174
2012-01-20,3325
2012-01-21,3298
2012-01-22,3354
2012-01-23,2809
2012-01-24,2894
2012-01-25,2989
2012-01-26,3168
2012-01-27,3469
2012-01-28,3389
2012-01-29,3469
2012-01-30,2783
2012-01-31,3099
2012-02-01,3348
2012-02-02,3434
2012-02-03,4075
2012-02-04,3704
2012-02-05,3926
2012-02-06,2985
2012-02-07,3527
2012-02-08,3548
2012-02-09,3449
2012-02-10,3813
2012-02-11,4037
2012-02-12,3783
2012-02-13,3164
2012-02-14,3096
2012-02-15,3424
2012-02-16,3611
2012-02-17,4122
2012-02-18,3627
2012-02-19,3676
2012-02-20,3310
2012-02-21,3481
2012-02-22,3276
2012-02-23,3778
2012-02-24,4027
2012-02-25,3959
2012-02-26,3873
2012-02-27,2971
2012-02-28,3345
2012-02-29,3595
2012-03-01,3761
2012-03-02,4231
2012-03-03,4042
2012-03-04,3721
2012-03-05,3679
2012-03-06,3473
2012-03-07,3763
2012-03-08,3870
2012-03-09,4478
2012-03-10,4125
2012-03-11,4107
2012-03-12,3367
2012-03-13,3686
2012-03-14,3455
2012-03-15,3970
2012-03-16,4124
2012-03-17,4245
2012-03-18,4164
2012-03-19,3554
2012-03-20,3597
2012-03-21,3470
2012-03-22,3765
2012-03-23,4390
2012-03-24,4091
2012-03-25,4312
2012-03-26,3524
2012-03-27,3465
2012-03-28,3594
2012-03-29,3896
2012-03-30,3941
2012-03-31,4305
2012-04-01,4623
2012-04-02,3985
2012-04-03,3724
2012-04-04,4242
2012-04-05,4601
2012-04-06,4497
2012-04-07,4592
2012-04-08,4552
2012-04-09,3614
2012-04-10,4011
2012-04-11,4183
2012-04-12,4178
2012-04-13,4907
2012-04-14,4210
2012-04-15,4314
2012-04-16,3839
2012-04-17,3946
2012-04-18,3963
2012-04-19,4389
2012-04-20,4802
2012-04-21,4605
2012-04-22,4533
2012-04-23,3901
2012-04-24,3881
2012-04-25,4357
2012-04-26,4146
2012-04-27,5062
2012-04-28,4476
2012-04-29,4333
2012-04-30,4004
2012-05-01,3710
2012-05-02,3921
2012-05-03,4170
2012-05-04,4470
2012-05-05,4102
2012-05-06,4411
2012-05-07,3580
2012-05-08,3782
2012-05-09,3521
2012-05-10,4061
2012-05-11,4319
2012-05-12,4431
2012-05-13,4358
2012-05-14,3610
2012-05-15,3757
2012-05-16,3675
2012-05-17,4226
2012-05-18,4725
2012-05-19,4246
2012-05-20,4502
2012-05-21,3508
2012-05-22,3591
2012-05-23,3813
2012-05-24,4059
2012-05-25,4356
2012-05-26,4268
2012-05-27,4311
2012-05-28,3454
2012-05-29,3761
2012-05-30,3923
2012-05-31,4022
2012-06-01,5218
2012-06-02,4554
2012-06-03,4922
2012-06-04,3898
2012-06-05,4031
2012-06-06,4229
2012-06-07,4391
2012-06-08,4920
2012-06-09,4721
2012-06-10,4985
2012-06-11,4019
2012-06-12,3962
2012-06-13,4497
2012-06-14,4407
2012-06-15,5006
2012-06-16,4831
2012-06-17,4877
2012-06-18,4220
2012-06-19,4265
2012-06-20,4194
2012-06-21,4886
2012-06-22,5050
2012-06-23,4732
2012-06-24,5006
2012-06-25,4100
2012-06-26,4253
2012-06-27,4701
2012-06-28,4497
2012-06-29,4960
2012-06-30,4776
2012-07-01,5500
2012-07-02,4215
2012-07-03,4275
2012-07-04,4636
2012-07-05,4686
2012-07-06,5409
2012-07-07,5298
2012-07-08,5136
2012-07-09,4227
2012-07-10,4602
2012-07-11,4876
2012-07-12,4675
2012-07-13,5648
2012-07-14,5355
2012-07-15,5478
2012-07-16,4639
2012-07-17,4945
2012-07-18,4674
2012-07-19,4989
2012-07-20,5410
2012-07-21,5207
2012-07-22,5586
2012-07-23,4240
2012-07-24,4453
2012-07-25,4961
2012-07-26,5147
2012-07-27,5421
2012-07-28,5362
2012-07-29,5364
2012-07-30,4683
2012-07-31,4603
2012-08-01,4879
2012-08-02,5402
2012-08-03,5578
2012-08-04,5190
2012-08-05,5408
2012-08-06,4370
2012-08-07,4950
2012-08-08,4739
2012-08-09,4898
2012-08-10,5303
2012-08-11,5380
2012-08-12,5435
2012-08-13,4350
2012-08-14,4661
2012-08-15,4461
2012-08-16,4977
2012-08-17,5550
2012-08-18,5490
2012-08-19,5132
2012-08-20,4229
2012-08-21,4425
2012-08-22,4489
2012-08-23,5176
2012-08-24,5759
2012-08-25,5239
2012-08-26,5500
2012-08-27,4448
2012-08-28,4553
2012-08-29,4655
2012-08-30,4891
2012-08-31,5167
2012-09-01,5153
2012-09-02,5192
2012-09-03,4477
2012-09-04,4517
2012-09-05,4615
2012-09-06,4725
2012-09-07,5398
2012-09-08,5238
2012-09-09,4991
2012-09-10,4377
2012-09-11,4539
2012-09-12,4525
2012-09-13,4774
2012-09-14,5428
2012-09-15,4904
2012-09-16,5263
2012-09-17,4227
2012-09-18,4670
2012-09-19,5022
2012-09-20,4727
2012-09-21,5485
2012-09-22,4976
2012-09-23,5388
2012-09-24,4170
2012-09-25,4578
2012-09-26,4500
2012-09-27,4839
2012-09-28,5190
2012-09-29,5253
2012-09-30,5047
2012-10-01,3645
2012-10-02,3645
2012-10-03,3789
2012-10-04,4015
2012-10-05,4295
2012-10-06,4215
2012-10-07,4489
2012-10-08,3478
2012-10-09,3841
2012-10-10,4003
2012-10-11,3880
2012-10-12,4188
2012-10-13,4229
2012-10-14,4179
2012-10-15,3810
2012-10-16,3694
2012-10-17,3697
2012-10-18,3834
2012-10-19,4581
2012-10-20,4101
2012-10-21,4267
2012-10-22,3695
2012-10-23,3627
2012-10-24,3798
2012-10-25,3992
2012-10-26,4518
2012-10-27,4271
2012-10-28,4228
2012-10-29,3584
2012-10-30,3642
2012-10-31,3607
2012-11-01,3658
2012-11-02,4271
2012-11-03,3681
2012-11-04,3763
2012-11-05,3147
2012-11-06,3434
2012-11-07,3507
2012-11-08,3605
2012-11-09,3877
2012-11-10,3810
2012-11-11,3655
2012-11-12,3262
2012-11-13,3451
2012-11-14,3302
2012-11-15,3431
2012-11-16,4227
2012-11-17,3717
2012-11-18,4021
2012-11-19,3228
2012-11-20,3330
2012-11-21,3506
2012-11-22,3513
2012-11-23,4024
2012-11-24,3747
2012-11-25,3689
2012-11-26,3284
2012-11-27,3318
2012-11-28,3434
2012-11-29,3472
2012-11-30,4228
2012-12-01,3417
2012-12-02,3489
2012-12-03,2802
2012-12-04,2746
2012-12-05,3219
2012-12-06,3157
2012-12-07,3404
2012-12-08,3363
2012-12-09,3513
2012-12-10,2830
2012-12-11,3054
2012-12-12,3128
2012-12-13,3045
2012-12-14,3413
2012-12-15,3426
2012-12-16,3055
2012-12-17,2818
2012-12-18,2777
2012-12-19,2963
2012-12-20,3131
2012-12-21,3452
2012-12-22,3251
2012-12-23,3245
2012-12-24,3060
2012-12-25,3114
2012-12-26,2891
2012-12-27,3339
2012-12-28,3447
2012-12-29,3330
2012-12-30,3368
2012-12-31,2767
2013-01-01,3141
2013-01-02,3144
2013-01-03,3232
2013-01-04,3465
2013-01-05,3336
2013-01-06,3305
2013-01-07,2944
2013-01-08,2909
2013-01-09,3101
2013-01-10,3444
2013-01-11,3784
2013-01-12,3439
2013-01-13,3495
2013-01-14,3136
2013-01-15,3092
2013-01-16,3094
2013-01-17,3123
2013-01-18,3681
2013-01-19,3543
2013-01-20,3428
2013-01-21,2972
2013-01-22,2998
2013-01-23,3110
2013-01-24,3001
2013-01-25,3603
2013-01-26,3560
2013-01-27,3428
2013-01-28,2948
2013-01-29,2956
2013-01-30,3170
2013-01-31,3262
2013-02-01,4076
2013-02-02,4183
2013-02-03,4201
2013-02-04,3343
2013-02-05,3585
2013-02-06,3701
2013-02-07,3900
2013-02-08,3964
2013-02-09,4137
2013-02-10,3988
2013-02-11,3372
2013-02-12,3849
2013-02-13,3671
2013-02-14,3763
2013-02-15,3889
2013-02-16,4191
2013-02-17,3877
2013-02-18,3295
2013-02-19,3483
2013-02-20,3813
2013-02-21,3918
2013-02-22,4191
2013-02-23,4040
2013-02-24,3984
2013-02-25,3432
2013-02-26,3533
2013-02-27,3756
2013-02-28,3944
2013-03-01,4463
2013-03-02,4108
2013-03-03,4346
2013-03-04,3544
2013-03-05,3530
2013-03-06,3729
2013-03-07,3983
2013-03-08,4527
2013-03-09,4134
2013-03-10,4057
2013-03-11,3562
2013-03-12,3683
2013-03-13,3807
2013-03-14,4099
2013-03-15,4544
2013-03-16,4074
2013-03-17,4145
2013-03-18,3426
2013-03-19,3758
2013-03-20,3974
2013-03-21,3928
2013-03-22,4350
2013-03-23,4374
2013-03-24,4311
2013-03-25,3610
2013-03-26,3516
2013-03-27,3872
2013-03-28,3842
2013-03-29,4213
2013-03-30,4110
2013-03-31,4149
2013-04-01,3921
2013-04-02,3872
2013-04-03,4345
2013-04-04,4588
2013-04-05,4544
2013-04-06,4782
2013-04-07,4575
2013-04-08,4070
2013-04-09,4068
2013-04-10,4208
2013-04-11,4385
2013-04-12,5083
2013-04-13,4423
2013-04-14,4808
2013-04-15,4104
2013-04-16,4180
2013-04-17,4546
2013-04-18,4332
2013-04-19,5040
2013-04-20,4607
2013-04-21,4911
2013-04-22,3950
2013-04-23,4022
2013-04-24,4396
2013-04-25,4338
2013-04-26,4635
2013-04-27,4540
2013-04-28,4810
2013-04-29,4144
2013-04-30,4093
2013-05-01,4153
2013-05-02,3970
2013-05-03,4533
2013-05-04,4322
2013-05-05,4428
2013-05-06,3742
2013-05-07,3944
2013-05-08,3908
2013-05-09,4188
2013-05-10,4598
2013-05-11,4225
2013-05-12,4428
2013-05-13,3713
2013-05-14,3828
2013-05-15,3974
2013-05-16,4179
2013-05-17,4535
2013-05-18,4561
2013-05-19,4264
2013-05-20,3637
2013-05-21,4225
2013-05-22,3825
2013-05-23,3971
2013-05-24,4723
2013-05-25,4049
2013-05-26,4409
2013-05-27,4012
2013-05-28,3642
2013-05-29,3694
2013-05-30,3949
2013-05-31,4750
2013-06-01,5089
2013-06-02,4896
2013-06-03,4284
2013-06-04,4528
2013-06-05,4730
2013-06-06,4634
2013-06-07,4748
2013-06-08,4756
2013-06-09,4911
2013-06-10,4146
2013-06-11,4290
2013-06-12,4626
2013-06-13,4883
2013-06-14,5133
2013-06-15,5085
2013-06-16,5048
2013-06-17,4194
2013-06-18,4455
2013-06-19,4463
2013-06-20,5011
2013-06-21,4904
2013-06-22,4808
2013-06-23,4964
2013-06-24,4249
2013-06-25,4510
2013-06-26,4448
2013-06-27,4441
2013-06-28,5316
2013-06-29,5026
2013-06-30,4647
2013-07-01,4638
2013-07-02,4521
2013-07-03,4820
2013-07-04,5018
2013-07-05,5887
2013-07-06,5451
2013-07-07,5279
2013-07-08,4782
2013-07-09,4547
2013-07-10,4992
2013-07-11,5034
2013-07-12,5651
2013-07-13,5524
2013-07-14,5628
2013-07-15,4856
2013-07-16,4773
2013-07-17,4988
2013-07-18,5103
2013-07-19,5761
2013-07-20,5512
2013-07-21,5508
2013-07-22,4346
2013-07-23,4843
2013-07-24,4998
2013-07-25,5059
2013-07-26,5467
2013-07-27,5709
2013-07-28,5622
2013-07-29,4602
2013-07-30,4597
2013-07-31,4793
2013-08-01,5413
2013-08-02,5747
2013-08-03,5319
2013-08-04,5621
2013-08-05,4503
2013-08-06,5034
2013-08-07,5164
2013-08-08,5093
2013-08-09,5594
2013-08-10,4927
2013-08-11,5236
2013-08-12,4418
2013-08-13,4805
2013-08-14,4874
2013-08-15,4933
2013-08-16,5663
2013-08-17,5520
2013-08-18,5624
2013-08-19,4327
2013-08-20,4761
2013-08-21,4692
2013-08-22,5341
2013-08-23,5877
2013-08-24,5253
2013-08-25,5374
2013-08-26,4560
2013-08-27,4406
2013-08-28,4989
2013-08-29,5128
2013-08-30,5914
2013-08-31,5215
2013-09-01,5331
2013-09-02,4332
2013-09-03,4553
2013-09-04,4664
2013-09-05,5286
2013-09-06,5506
2013-09-07,5375
2013-09-08,5376
2013-09-09,4370
2013-09-10,4691
2013-09-11,4967
2013-09-12,4892
2013-09-13,5803
2013-09-14,5192
2013-09-15,5357
2013-09-16,4658
2013-09-17,4610
2013-09-18,4871
2013-09-19,5052
2013-09-20,5669
2013-09-21,4906
2013-09-22,5100
2013-09-23,4672
2013-09-24,4890
2013-09-25,4710
2013-09-26,5065
2013-09-27,5702
2013-09-28,5481
2013-09-29,5062
2013-09-30,4431
2013-10-01,3713
2013-10-02,3968
2013-10-03,4422
2013-10-04,4457
2013-10-05,4050
2013-10-06,4399
2013-10-07,3809
2013-10-08,3771
2013-10-09,3750
2013-10-10,4203
2013-10-11,4597
2013-10-12,4107
2013-10-13,4396
2013-10-14,3768
2013-10-15,3912
2013-10-16,3864
2013-10-17,4016
2013-10-18,4686
2013-10-19,4080
2013-10-20,4404
2013-10-21,3466
2013-10-22,3897
2013-10-23,3838
2013-10-24,4247
2013-10-25,4570
2013-10-26,4078
2013-10-27,4554
2013-10-28,3838
2013-10-29,3873
2013-10-30,3770
2013-10-31,4023
2013-11-01,4139
2013-11-02,3809
2013-11-03,4211
2013-11-04,3354
2013-11-05,3118
2013-11-06,3592
2013-11-07,3682
2013-11-08,4107
2013-11-09,3854
2013-11-10,4088
2013-11-11,3468
2013-11-12,3477
2013-11-13,3508
2013-11-14,3722
2013-11-15,4121
2013-11-16,3795
2013-11-17,4056
2013-11-18,3391
2013-11-19,3629
2013-11-20,3706
2013-11-21,3638
2013-11-22,4236
2013-11-23,3775
2013-11-24,4073
2013-11-25,3276
2013-11-26,3320
2013-11-27,3585
2013-11-28,3378
2013-11-29,3865
2013-11-30,3881
2013-12-01,3473
2013-12-02,2869
2013-12-03,2833
2013-12-04,3003
2013-12-05,3291
2013-12-06,3660
2013-12-07,3399
2013-12-08,3603
2013-12-09,2947
2013-12-10,2921
2013-12-11,3062
2013-12-12,3087
2013-12-13,3573
2013-12-14,3534
2013-12-15,3546
2013-12-16,3049
2013-12-17,2967
2013-12-18,3238
2013-12-19,3225
2013-12-20,3771
2013-12-21,3399
2013-12-22,3549
2013-12-23,3057
2013-12-24,2979
2013-12-25,3116
2013-12-26,3393
2013-12-27,3570
2013-12-28,3244
2013-12-29,3723
2013-12-30,2859
2013-12-31,3016
2014-01-01,3340
2014-01-02,3299
2014-01-03,3592
2014-01-04,3563
2014-01-05,3370
2014-01-06,2987
2014-01-07,3141
2014-01-08,3180
2014-01-09,3189
2014-01-10,3932
2014-01-11,3544
2014-01-12,3775
2014-01-13,2990
2014-01-14,3018
2014-01-15,3240
2014-01-16,3345
2014-01-17,3570
2014-01-18,3713
2014-01-19,3517
2014-01-20,2823
2014-01-21,3259
2014-01-22,3153
2014-01-23,3299
2014-01-24,3494
2014-01-25,3746
2014-01-26,3433
2014-01-27,3024
2014-01-28,3213
2014-01-29,3258
2014-01-30,3364
2014-01-31,3502
2014-02-01,4022
2014-02-02,4243
2014-02-03,3440
2014-02-04,3676
2014-02-05,3853
2014-02-06,4085
2014-02-07,4178
2014-02-08,4458
2014-02-09,4328
2014-02-10,3537
2014-02-11,3790
2014-02-12,4075
2014-02-13,3753
2014-02-14,4331
2014-02-15,3795
2014-02-16,4243
2014-02-17,3583
2014-02-18,3645
2014-02-19,3677
2014-02-20,3668
2014-02-21,4423
2014-02-22,4351
2014-02-23,4128
2014-02-24,3592
2014-02-25,3450
2014-02-26,3824
2014-02-27,3897
2014-02-28,4249
2014-03-01,4212
2014-03-02,4345
2014-03-03,3747
2014-03-04,3641
2014-03-05,3879
2014-03-06,4125
2014-03-07,4388
2014-03-08,4599
2014-03-09,4274
2014-03-10,3611
2014-03-11,3685
2014-03-12,4181
2014-03-13,4210
2014-03-14,4414
2014-03-15,4495
2014-03-16,4437
2014-03-17,3731
2014-03-18,3770
2014-03-19,3831
2014-03-20,4179
2014-03-21,4476
2014-03-22,4602
2014-03-23,4210
2014-03-24,3897
2014-03-25,3801
2014-03-26,3975
2014-03-27,4251
2014-03-28,4463
2014-03-29,4458
2014-03-30,3988
2014-03-31,3605
2014-04-01,4101
2014-04-02,4178
2014-04-03,4554
2014-04-04,5137
2014-04-05,4925
2014-04-06,4935
2014-04-07,4012
2014-04-08,4293
2014-04-09,4389
2014-04-10,4738
2014-04-11,5207
2014-04-12,4812
2014-04-13,4740
2014-04-14,4014
2014-04-15,4157
2014-04-16,4321
2014-04-17,4631
2014-04-18,5196
2014-04-19,4798
2014-04-20,4897
2014-04-21,4128
2014-04-22,4162
2014-04-23,4228
2014-04-24,4306
2014-04-25,4945
2014-04-26,4886
2014-04-27,4774
2014-04-28,4073
2014-04-29,4308
2014-04-30,4449
2014-05-01,4078
2014-05-02,4845
2014-05-03,4615
2014-05-04,4342
2014-05-05,3684
2014-05-06,4078
2014-05-07,4015
2014-05-08,3909
2014-05-09,4452
2014-05-10,4401
2014-05-11,4336
2014-05-12,3739
2014-05-13,3919
2014-05-14,4243
2014-05-15,4195
2014-05-16,4857
2014-05-17,4662
2014-05-18,4747
2014-05-19,3832
2014-05-20,3646
2014-05-21,4101
2014-05-22,4393
2014-05-23,4668
2014-05-24,4711
2014-05-25,4656
2014-05-26,3869
2014-05-27,4064
2014-05-28,4083
2014-05-29,3868
2014-05-30,4600
2014-05-31,4626
2014-06-01,5086
2014-06-02,4359
2014-06-03,4368
2014-06-04,4965
2014-06-05,5196
2014-06-06,5254
2014-06-07,5167
2014-06-08,5110
2014-06-09,4488
2014-06-10,4614
2014-06-11,4806
2014-06-12,4964
2014-06-13,5978
2014-06-14,4956
2014-06-15,4921
2014-06-16,4333
2014-06-17,4285
2014-06-18,4429
2014-06-19,4735
2014-06-20,5246
2014-06-21,4969
2014-06-22,5329
2014-06-23,4315
2014-06-24,4505
2014-06-25,4820
2014-06-26,4776
2014-06-27,5371
2014-06-28,5207
2014-06-29,4879
2014-06-30,4026
2014-07-01,4899
2014-07-02,5076
2014-07-03,5619
2014-07-04,5821
2014-07-05,5647
2014-07-06,5551
2014-07-07,4740
2014-07-08,5123
2014-07-09,4619
2014-07-10,5316
2014-07-11,6222
2014-07-12,5544
2014-07-13,5912
2014-07-14,4588
2014-07-15,4835
2014-07-16,4996
2014-07-17,4833
2014-07-18,5552
2014-07-19,5279
2014-07-20,5750
2014-07-21,4834
2014-07-22,4896
2014-07-23,5134
2014-07-24,5210
2014-07-25,6032
2014-07-26,5491
2014-07-27,5601
2014-07-28,4647
2014-07-29,4957
2014-07-30,4917
2014-07-31,5419
2014-08-01,5652
2014-08-02,5366
2014-08-03,5818
2014-08-04,4754
2014-08-05,4843
2014-08-06,5231
2014-08-07,5213
2014-08-08,5843
2014-08-09,5854
2014-08-10,5988
2014-08-11,5031
2014-08-12,4872
2014-08-13,5292
2014-08-14,5150
2014-08-15,5698
2014-08-16,5121
2014-08-17,6014
2014-08-18,4624
2014-08-19,4899
2014-08-20,4911
2014-08-21,5456
2014-08-22,5807
2014-08-23,5325
2014-08-24,5770
2014-08-25,4529
2014-08-26,4777
2014-08-27,4699
2014-08-28,5061
2014-08-29,5921
2014-08-30,5197
2014-08-31,5387
2014-09-01,4658
2014-09-02,4716
2014-09-03,5301
2014-09-04,5538
2014-09-05,5574
2014-09-06,5558
2014-09-07,5696
2014-09-08,4561
2014-09-09,4556
2014-09-10,4954
2014-09-11,5172
2014-09-12,5661
2014-09-13,5536
2014-09-14,5405
2014-09-15,4471
2014-09-16,4826
2014-09-17,5023
2014-09-18,4989
2014-09-19,5936
2014-09-20,5114
2014-09-21,5438
2014-09-22,4616
2014-09-23,4700
2014-09-24,4858
2014-09-25,5544
2014-09-26,5578
2014-09-27,5917
2014-09-28,5636
2014-09-29,4674
2014-09-30,4887
2014-10-01,4360
2014-10-02,4059
2014-10-03,4464
2014-10-04,4289
2014-10-05,4491
2014-10-06,3537
2014-10-07,3888
2014-10-08,4242
2014-10-09,4228
2014-10-10,4598
2014-10-11,4310
2014-10-12,4627
2014-10-13,3656
2014-10-14,4136
2014-10-15,4276
2014-10-16,4243
2014-10-17,4644
2014-10-18,4564
2014-10-19,4657
2014-10-20,3659
2014-10-21,3813
2014-10-22,3820
2014-10-23,4265
2014-10-24,4754
2014-10-25,4197
2014-10-26,4414
2014-10-27,3587
2014-10-28,3763
2014-10-29,4082
2014-10-30,4097
2014-10-31,4597
2014-11-01,3811
2014-11-02,4142
2014-11-03,3448
2014-11-04,3473
2014-11-05,3650
2014-11-06,3882
2014-11-07,4140
2014-11-08,3833
2014-11-09,4375
2014-11-10,3377
2014-11-11,3552
2014-11-12,3804
2014-11-13,4334
2014-11-14,4076
2014-11-15,4105
2014-11-16,4013
2014-11-17,3389
2014-11-18,3474
2014-11-19,3529
2014-11-20,3852
2014-11-21,4042
2014-11-22,4176
2014-11-23,4123
2014-11-24,3505
2014-11-25,3506
2014-11-26,3627
2014-11-27,3897
2014-11-28,4088
2014-11-29,3991
2014-11-30,3991
2014-12-01,2944
2014-12-02,2905
2014-12-03,3385
2014-12-04,3313
2014-12-05,3903
2014-12-06,3690
2014-12-07,3458
2014-12-08,2923
2014-12-09,3417
2014-12-10,3431
2014-12-11,3391
2014-12-12,3784
2014-12-13,3478
2014-12-14,3676
2014-12-15,2963
2014-12-16,2913
2014-12-17,3084
2014-12-18,3397
2014-12-19,3602
2014-12-20,3548
2014-12-21,3485
2014-12-22,2956
2014-12-23,3230
2014-12-24,3261
2014-12-25,3394
2014-12-26,3866
2014-12-27,3616
2014-12-28,3804
2014-12-29,2990
2014-12-30,3089
2014-12-31,3086
2015-01-01,3378
2015-01-02,3916
2015-01-03,3756
2015-01-04,3781
2015-01-05,2877
2015-01-06,3288
2015-01-07,3056
2015-01-08,3537
2015-01-09,3740
2015-01-10,3681
2015-01-11,3487
2015-01-12,3196
2015-01-13,3006
2015-01-14,3190
2015-01-15,3309
2015-01-16,3556
2015-01-17,3604
2015-01-18,3889
2015-01-19,3357
2015-01-20,3179
2015-01-21,3394
2015-01-22,3457
2015-01-23,3855
2015-01-24,3550
2015-01-25,3683
2015-01-26,3128
2015-01-27,3104
2015-01-28,3257
2015-01-29,3422
2015-01-30,3898
2015-01-31,3459
2015-02-01,4294
2015-02-02,3852
2015-02-03,3877
2015-02-04,4022
2015-02-05,4036
2015-02-06,4505
2015-02-07,4373
2015-02-08,4536
2015-02-09,3363
2015-02-10,3554
2015-02-11,4016
2015-02-12,3993
2015-02-13,4350
2015-02-14,4039
2015-02-15,4218
2015-02-16,3433
2015-02-17,3998
2015-02-18,3837
2015-02-19,4024
2015-02-20,4547
2015-02-21,4367
2015-02-22,4444
2015-02-23,3746
2015-02-24,3643
2015-02-25,3800
2015-02-26,4141
2015-02-27,4373
2015-02-28,4224
2015-03-01,4552
2015-03-02,3871
2015-03-03,3646
2015-03-04,4109
2015-03-05,4174
2015-03-06,4765
2015-03-07,4529
2015-03-08,4742
2015-03-09,3946
2015-03-10,4071
2015-03-11,4211
2015-03-12,4252
2015-03-13,4655
2015-03-14,4544
2015-03-15,4604
2015-03-16,3727
2015-03-17,3943
2015-03-18,4003
2015-03-19,4083
2015-03-20,4860
2015-03-21,4418
2015-03-22,4811
2015-03-23,3554
2015-03-24,3812
2015-03-25,4013
2015-03-26,4376
2015-03-27,4715
2015-03-28,4457
2015-03-29,4312
2015-03-30,3615
2015-03-31,3932
2015-04-01,4279
2015-04-02,4630
2015-04-03,5304
2015-04-04,4773
2015-04-05,5316
2015-04-06,4405
2015-04-07,4119
2015-04-08,4347
2015-04-09,4341
2015-04-10,5070
2015-04-11,5076
2015-04-12,4960
2015-04-13,4292
2015-04-14,4127
2015-04-15,4619
2015-04-16,4627
2015-04-17,5215
2015-04-18,4927
2015-04-19,4809
2015-04-20,4054
2015-04-21,4506
2015-04-22,4556
2015-04-23,4892
2015-04-24,5272
2015-04-25,4968
2015-04-26,4729
2015-04-27,4184
2015-04-28,4355
2015-04-29,4801
2015-04-30,4832
2015-05-01,5075
2015-05-02,4662
2015-05-03,4534
2015-05-04,3919
2015-05-05,4060
2015-05-06,4015
2015-05-07,4301
2015-05-08,4781
2015-05-09,4823
2015-05-10,4311
2015-05-11,4067
2015-05-12,3895
2015-05-13,3952
2015-05-14,4539
2015-05-15,4939
2015-05-16,4767
2015-05-17,4780
2015-05-18,4184
2015-05-19,4106
2015-05-20,4129
2015-05-21,4412
2015-05-22,5025
2015-05-23,4442
2015-05-24,4544
2015-05-25,3860
2015-05-26,3730
2015-05-27,4172
2015-05-28,4071
2015-05-29,4825
2015-05-30,4705
2015-05-31,4572
2015-06-01,4782
2015-06-02,4423
2015-06-03,5005
2015-06-04,5165
2015-06-05,5239
2015-06-06,5787
2015-06-07,5370
2015-06-08,4378
2015-06-09,4431
2015-06-10,4768
2015-06-11,5023
2015-06-12,5594
2015-06-13,5231
2015-06-14,5501
2015-06-15,4456
2015-06-16,4345
2015-06-17,4780
2015-06-18,4627
2015-06-19,5643
2015-06-20,5104
2015-06-21,5412
2015-06-22,4725
2015-06-23,4506
2015-06-24,4984
2015-06-25,4969
2015-06-26,5916
2015-06-27,5218
2015-06-28,5223
2015-06-29,4625
2015-06-30,4590
2015-07-01,5020
2015-07-02,5341
2015-07-03,5991
2015-07-04,5957
2015-07-05,5401
2015-07-06,4866
2015-07-07,5127
2015-07-08,5208
2015-07-09,5680
2015-07-10,5985
2015-07-11,5653
2015-07-12,5914
2015-07-13,4879
2015-07-14,4949
2015-07-15,5266
2015-07-16,5307
2015-07-17,5872
2015-07-18,5585
2015-07-19,6068
2015-07-20,4314
2015-07-21,5087
2015-07-22,5179
2015-07-23,5112
2015-07-24,6065
2015-07-25,5785
2015-07-26,5913
2015-07-27,4411
2015-07-28,5258
2015-07-29,5039
2015-07-30,5562
2015-07-31,6156
2015-08-01,5548
2015-08-02,5962
2015-08-03,4825
2015-08-04,4681
2015-08-05,5416
2015-08-06,5315
2015-08-07,5855
2015-08-08,5643
2015-08-09,5883
2015-08-10,4881
2015-08-11,5144
2015-08-12,4959
2015-08-13,5321
2015-08-14,6011
2015-08-15,6104
2015-08-16,5804
2015-08-17,5077
2015-08-18,5054
2015-08-19,5115
2015-08-20,5416
2015-08-21,6000
2015-08-22,5844
2015-08-23,6108
2015-08-24,4953
2015-08-25,5257
2015-08-26,5028
2015-08-27,5384
2015-08-28,5883
2015-08-29,5787
2015-08-30,5754
2015-08-31,5016
2015-09-01,4775
2015-09-02,5096
2015-09-03,5471
2015-09-04,5476
2015-09-05,6013
2015-09-06,5642
2015-09-07,4444
2015-09-08,4963
2015-09-09,5094
2015-09-10,5327
2015-09-11,6107
2015-09-12,5744
2015-09-13,5758
2015-09-14,4858
2015-09-15,4918
2015-09-16,5405
2015-09-17,5066
2015-09-18,5931
2015-09-19,5610
2015-09-20,5861
2015-09-21,4642
2015-09-22,4634
2015-09-23,5116
2015-09-24,5395
2015-09-25,6210
2015-09-26,5348
2015-09-27,5929
2015-09-28,5179
2015-09-29,4870
2015-09-30,4858
2015-10-01,4259
2015-10-02,4775
2015-10-03,4616
2015-10-04,4513
2015-10-05,4078
2015-10-06,3836
2015-10-07,3864
2015-10-08,4488
2015-10-09,4393
2015-10-10,4494
2015-10-11,5111
2015-10-12,3866
2015-10-13,3835
2015-10-14,4106
2015-10-15,4313
2015-10-16,4800
2015-10-17,4631
2015-10-18,4441
2015-10-19,4096
2015-10-20,4026
2015-10-21,4219
2015-10-22,4225
2015-10-23,4988
2015-10-24,4485
2015-10-25,4653
2015-10-26,3742
2015-10-27,3852
2015-10-28,4214
2015-10-29,4253
2015-10-30,4630
2015-10-31,4424
2015-11-01,4309
2015-11-02,3453
2015-11-03,3628
2015-11-04,3758
2015-11-05,3679
2015-11-06,4132
2015-11-07,4180
2015-11-08,4098
2015-11-09,3661
2015-11-10,3766
2015-11-11,3850
2015-11-12,4195
2015-11-13,4344
2015-11-14,4225
2015-11-15,4120
2015-11-16,3833
2015-11-17,3896
2015-11-18,3757
2015-11-19,3997
2015-11-20,4564
2015-11-21,4110
2015-11-22,4110
2015-11-23,3638
2015-11-24,3653
2015-11-25,3780
2015-11-26,3828
2015-11-27,4095
2015-11-28,4165
2015-11-29,4340
2015-11-30,3502
2015-12-01,3378
2015-12-02,3234
2015-12-03,3353
2015-12-04,3837
2015-12-05,3637
2015-12-06,3814
2015-12-07,3032
2015-12-08,3370
2015-12-09,3544
2015-12-10,3477
2015-12-11,4014
2015-12-12,3512
2015-12-13,3853
2015-12-14,3231
2015-12-15,3313
2015-12-16,3314
2015-12-17,3121
2015-12-18,3760
2015-12-19,3567
2015-12-20,3586
2015-12-21,3130
2015-12-22,3169
2015-12-23,3220
2015-12-24,3352
2015-12-25,3750
2015-12-26,3790
2015-12-27,3628
2015-12-28,3060
2015-12-29,3165
2015-12-30,3355
2015-12-31,3537
2016-01-01,3478
2016-01-02,3824
2016-01-03,3948
2016-01-04,3039
2016-01-05,3145
2016-01-06,3303
2016-01-07,3431
2016-01-08,3924
2016-01-09,3440
2016-01-10,3612
2016-01-11,3325
2016-01-12,3150
2016-01-13,3502
2016-01-14,3568
2016-01-15,3647
2016-01-16,3774
2016-01-17,3744
2016-01-18,3105
2016-01-19,3283
2016-01-20,3412
2016-01-21,3611
2016-01-22,4054
2016-01-23,3745
2016-01-24,3578
2016-01-25,3103
2016-01-26,3591
2016-01-27,3441
2016-01-28,3816
2016-01-29,4083
2016-01-30,3723
2016-01-31,3799
2016-02-01,3621
2016-02-02,3514
2016-02-03,3859
2016-02-04,4221
2016-02-05,4380
2016-02-06,4304
2016-02-07,4449
2016-02-08,3510
2016-02-09,3682
2016-02-10,3720
2016-02-11,3933
2016-02-12,4272
2016-02-13,4109
2016-02-14,4534
2016-02-15,3509
2016-02-16,3758
2016-02-17,3789
2016-02-18,4217
2016-02-19,4679
2016-02-20,4371
2016-02-21,4366
2016-02-22,3596
2016-02-23,3585
2016-02-24,4119
2016-02-25,3942
2016-02-26,4578
2016-02-27,4400
2016-02-28,4236
2016-02-29,3757
2016-03-01,4149
2016-03-02,4418
2016-03-03,4302
2016-03-04,4615
2016-03-05,4501
2016-03-06,4700
2016-03-07,3924
2016-03-08,3985
2016-03-09,3887
2016-03-10,4446
2016-03-11,5166
2016-03-12,4657
2016-03-13,4765
2016-03-14,3994
2016-03-15,4097
2016-03-16,4302
2016-03-17,4435
2016-03-18,4779
2016-03-19,4455
2016-03-20,4625
2016-03-21,3959
2016-03-22,3996
2016-03-23,4212
2016-03-24,4441
2016-03-25,4973
2016-03-26,4788
2016-03-27,4678
2016-03-28,3737
2016-03-29,3992
2016-03-30,4172
2016-03-31,4093
2016-04-01,5542
2016-04-02,5037
2016-04-03,5171
2016-04-04,4488
2016-04-05,4322
2016-04-06,4648
2016-04-07,4766
2016-04-08,5252
2016-04-09,4877
2016-04-10,5401
2016-04-11,4227
2016-04-12,4528
2016-04-13,4258
2016-04-14,4982
2016-04-15,5480
2016-04-16,5029
2016-04-17,5063
2016-04-18,4343
2016-04-19,4774
2016-04-20,4275
2016-04-21,4915
2016-04-22,5117
2016-04-23,5009
2016-04-24,5059
2016-04-25,4219
2016-04-26,4418
2016-04-27,4376
2016-04-28,4957
2016-04-29,4954
2016-04-30,5107
2016-05-01,4814
2016-05-02,3919
2016-05-03,4247
2016-05-04,4111
2016-05-05,4572
2016-05-06,4792
2016-05-07,4860
2016-05-08,4712
2016-05-09,4022
2016-05-10,4261
2016-05-11,4230
2016-05-12,4556
2016-05-13,4776
2016-05-14,4888
2016-05-15,5170
2016-05-16,4486
2016-05-17,4231
2016-05-18,4468
2016-05-19,4281
2016-05-20,5309
2016-05-21,4913
2016-05-22,4787
2016-05-23,4264
2016-05-24,4180
2016-05-25,4278
2016-05-26,4641
2016-05-27,4856
2016-05-28,4954
2016-05-29,4690
2016-05-30,3937
2016-05-31,4083
2016-06-01,5055
2016-06-02,5059
2016-06-03,5443
2016-06-04,5302
2016-06-05,5509
2016-06-06,4438
2016-06-07,4584
2016-06-08,5288
2016-06-09,5015
2016-06-10,5648
2016-06-11,5347
2016-06-12,5434
2016-06-13,4730
2016-06-14,4935
2016-06-15,4872
2016-06-16,4947
2016-06-17,5967
2016-06-18,5399
2016-06-19,5849
2016-06-20,4265
2016-06-21,4809
2016-06-22,5255
2016-06-23,5107
2016-06-24,5667
2016-06-25,5473
2016-06-26,5408
2016-06-27,4578
2016-06-28,4720
2016-06-29,4816
2016-06-30,5393
2016-07-01,6229
2016-07-02,5864
2016-07-03,6086
2016-07-04,4922
2016-07-05,4987
2016-07-06,5173
2016-07-07,5549
2016-07-08,5903
2016-07-09,5711
2016-07-10,5812
2016-07-11,5337
2016-07-12,4628
2016-07-13,5251
2016-07-14,5884
2016-07-15,6156
2016-07-16,5966
2016-07-17,5940
2016-07-18,4852
2016-07-19,4724
2016-07-20,5323
2016-07-21,5398
2016-07-22,5958
2016-07-23,5712
2016-07-24,6280
2016-07-25,5386
2016-07-26,5165
2016-07-27,5199
2016-07-28,5320
2016-07-29,6231
2016-07-30,6176
2016-07-31,5868
2016-08-01,4675
2016-08-02,5386
2016-08-03,5613
2016-08-04,5381
2016-08-05,6333
2016-08-06,6062
2016-08-07,6061
2016-08-08,4959
2016-08-09,5450
2016-08-10,5349
2016-08-11,5401
2016-08-12,5842
2016-08-13,6232
2016-08-14,6208
2016-08-15,5116
2016-08-16,5182
2016-08-17,5325
2016-08-18,5482
2016-08-19,6199
2016-08-20,5525
2016-08-21,5920
2016-08-22,5045
2016-08-23,5375
2016-08-24,5418
2016-08-25,5855
2016-08-26,6591
2016-08-27,6189
2016-08-28,6177
2016-08-29,5102
2016-08-30,5082
2016-08-31,5566
2016-09-01,5829
2016-09-02,6155
2016-09-03,6155
2016-09-04,5559
2016-09-05,4730
2016-09-06,5238
2016-09-07,5292
2016-09-08,5759
2016-09-09,6079
2016-09-10,5592
2016-09-11,5829
2016-09-12,4664
2016-09-13,4885
2016-09-14,5422
2016-09-15,5674
2016-09-16,6159
2016-09-17,5420
2016-09-18,5799
2016-09-19,4717
2016-09-20,5295
2016-09-21,5136
2016-09-22,5296
2016-09-23,6089
2016-09-24,5638
2016-09-25,6177
2016-09-26,4802
2016-09-27,4837
2016-09-28,4848
2016-09-29,5500
2016-09-30,5963
2016-10-01,4459
2016-10-02,4978
2016-10-03,4105
2016-10-04,4135
2016-10-05,4471
2016-10-06,4584
2016-10-07,4807
2016-10-08,4523
2016-10-09,4916
2016-10-10,4067
2016-10-11,4164
2016-10-12,4141
2016-10-13,4576
2016-10-14,4819
2016-10-15,4677
2016-10-16,5021
2016-10-17,3918
2016-10-18,3911
2016-10-19,4110
2016-10-20,4636
2016-10-21,4994
2016-10-22,4673
2016-10-23,4694
2016-10-24,4079
2016-10-25,4016
2016-10-26,4313
2016-10-27,4366
2016-10-28,4794
2016-10-29,4589
2016-10-30,4716
2016-10-31,4004
2016-11-01,3821
2016-11-02,3402
2016-11-03,3986
2016-11-04,4469
2016-11-05,4524
2016-11-06,4210
2016-11-07,3693
2016-11-08,3988
2016-11-09,3727
2016-11-10,4158
2016-11-11,4404
2016-11-12,4221
2016-11-13,4252
2016-11-14,3578
2016-11-15,4150
2016-11-16,4022
2016-11-17,4260
2016-11-18,4610
2016-11-19,4056
2016-11-20,4436
2016-11-21,3810
2016-11-22,3676
2016-11-23,4039
2016-11-24,4203
2016-11-25,4825
2016-11-26,4234
2016-11-27,4207
2016-11-28,3626
2016-11-29,3980
2016-11-30,3657
2016-12-01,3291
2016-12-02,3932
2016-12-03,3659
2016-12-04,3786
2016-12-05,3281
2016-12-06,3214
2016-12-07,3158
2016-12-08,3802
2016-12-09,3783
2016-12-10,3579
2016-12-11,3931
2016-12-12,3134
2016-12-13,3270
2016-12-14,3436
2016-12-15,3683
2016-12-16,3874
2016-12-17,3915
2016-12-18,3502
2016-12-19,3261
2016-12-20,3181
2016-12-21,3541
2016-12-22,3566
2016-12-23,3827
2016-12-24,3803
2016-12-25,3903
2016-12-26,3248
2016-12-27,3160
2016-12-28,3322
2016-12-29,3547
2016-12-30,3914
2016-12-31,3814
2017-01-01,3590
2017-01-02,3280
2017-01-03,3311
2017-01-04,3347
2017-01-05,3527
2017-01-06,3970
2017-01-07,3315
2017-01-08,3768
2017-01-09,3142
2017-01-10,3408
2017-01-11,3351
2017-01-12,3594
2017-01-13,4216
2017-01-14,3926
2017-01-15,3984
2017-01-16,3185
2017-01-17,3409
2017-01-18,3420
2017-01-19,3596
2017-01-20,4058
2017-01-21,3714
2017-01-22,4064
2017-01-23,3224
2017-01-24,3418
2017-01-25,3624
2017-01-26,3752
2017-01-27,3803
2017-01-28,3853
2017-01-29,3978
2017-01-30,3343
2017-01-31,3215
2017-02-01,4242
2017-02-02,4718
2017-02-03,4902
2017-02-04,4726
2017-02-05,5131
2017-02-06,4075
2017-02-07,4105
2017-02-08,4209
2017-02-09,4612
2017-02-10,4802
2017-02-11,4735
2017-02-12,4920
2017-02-13,4267
2017-02-14,4310
2017-02-15,4233
2017-02-16,4747
2017-02-17,4984
2017-02-18,4570
2017-02-19,4834
2017-02-20,4287
2017-02-21,4236
2017-02-22,4344
2017-02-23,4820
2017-02-24,4784
2017-02-25,4561
2017-02-26,4588
2017-02-27,4135
2017-02-28,4236
2017-03-01,4377
2017-03-02,4397
2017-03-03,4749
2017-03-04,4568
2017-03-05,4670
2017-03-06,3675
2017-03-07,4410
2017-03-08,4228
2017-03-09,4392
2017-03-10,4921
2017-03-11,4681
2017-03-12,4628
2017-03-13,3817
2017-03-14,4112
2017-03-15,4209
2017-03-16,4237
2017-03-17,5056
2017-03-18,4615
2017-03-19,4770
2017-03-20,4094
2017-03-21,4031
2017-03-22,4199
2017-03-23,4484
2017-03-24,4695
2017-03-25,4576
2017-03-26,4671
2017-03-27,3773
2017-03-28,4355
2017-03-29,3948
2017-03-30,4162
2017-03-31,5039
2017-04-01,4921
2017-04-02,4713
2017-04-03,4190
2017-04-04,4451
2017-04-05,4360
2017-04-06,5000
2017-04-07,4758
2017-04-08,4918
2017-04-09,5088
2017-04-10,4231
2017-04-11,4204
2017-04-12,4320
2017-04-13,4654
2017-04-14,5208
2017-04-15,4902
2017-04-16,5066
2017-04-17,3957
2017-04-18,4200
2017-04-19,4221
2017-04-20,4521
2017-04-21,5243
2017-04-22,4819
2017-04-23,5335
2017-04-24,4131
2017-04-25,4243
2017-04-26,4381
2017-04-27,4481
2017-04-28,5053
2017-04-29,4991
2017-04-30,4908
2017-05-01,4369
2017-05-02,4487
2017-05-03,4706
2017-05-04,5033
2017-05-05,5778
2017-05-06,5012
2017-05-07,5295
2017-05-08,4517
2017-05-09,4340
2017-05-10,4642
2017-05-11,4901
2017-05-12,5392
2017-05-13,5294
2017-05-14,5325
2017-05-15,4407
2017-05-16,4707
2017-05-17,5069
2017-05-18,5308
2017-05-19,5173
2017-05-20,5365
2017-05-21,5321
2017-05-22,4519
2017-05-23,4573
2017-05-24,4801
2017-05-25,5047
2017-05-26,5434
2017-05-27,5094
2017-05-28,5271
2017-05-29,4531
2017-05-30,4735
2017-05-31,4924
2017-06-01,5165
2017-06-02,5864
2017-06-03,5691
2017-06-04,5835
2017-06-05,4695
2017-06-06,4818
2017-06-07,5039
2017-06-08,5044
2017-06-09,5767
2017-06-10,5649
2017-06-11,5732
2017-06-12,4660
2017-06-13,4892
2017-06-14,4861
2017-06-15,5385
2017-06-16,5790
2017-06-17,5453
2017-06-18,5535
2017-06-19,4695
2017-06-20,4779
2017-06-21,5121
2017-06-22,5183
2017-06-23,6130
2017-06-24,5788
2017-06-25,5431
2017-06-26,4716
2017-06-27,4745
2017-06-28,4948
2017-06-29,5624
2017-06-30,5744
2017-07-01,6151
2017-07-02,6302
2017-07-03,5009
2017-07-04,5197
2017-07-05,5289
2017-07-06,5619
2017-07-07,5767
2017-07-08,6191
2017-07-09,6630
2017-07-10,5218
2017-07-11,5091
2017-07-12,5398
2017-07-13,5706
2017-07-14,6178
2017-07-15,6258
2017-07-16,6361
2017-07-17,4981
2017-07-18,5493
2017-07-19,5818
2017-07-20,6185
2017-07-21,7049
2017-07-22,5883
2017-07-23,6797
2017-07-24,5127
2017-07-25,5246
2017-07-26,5586
2017-07-27,5681
2017-07-28,6496
2017-07-29,5794
2017-07-30,6134
2017-07-31,5425
2017-08-01,5365
2017-08-02,5569
2017-08-03,5916
2017-08-04,6692
2017-08-05,5743
2017-08-06,6334
2017-08-07,5161
2017-08-08,5407
2017-08-09,5748
2017-08-10,5576
2017-08-11,6201
2017-08-12,5683
2017-08-13,6088
2017-08-14,5452
2017-08-15,5353
2017-08-16,5282
2017-08-17,5720
2017-08-18,6094
2017-08-19,5856
2017-08-20,6292
2017-08-21,4995
2017-08-22,5585
2017-08-23,5528
2017-08-24,5837
2017-08-25,6366
2017-08-26,6261
2017-08-27,6377
2017-08-28,5271
2017-08-29,5482
2017-08-30,5501
2017-08-31,5930
2017-09-01,6027
2017-09-02,5784
2017-09-03,5832
2017-09-04,4863
2017-09-05,4977
2017-09-06,5344
2017-09-07,5774
2017-09-08,6349
2017-09-09,5529
2017-09-10,6154
2017-09-11,4887
2017-09-12,5207
2017-09-13,5091
2017-09-14,5548
2017-09-15,6166
2017-09-16,5483
2017-09-17,6014
2017-09-18,5175
2017-09-19,5069
2017-09-20,5508
2017-09-21,5484
2017-09-22,6280
2017-09-23,5334
2017-09-24,6387
2017-09-25,5201
2017-09-26,5049
2017-09-27,4895
2017-09-28,5576
2017-09-29,5791
2017-09-30,5874
2017-10-01,4916
2017-10-02,3933
2017-10-03,4362
2017-10-04,4449
2017-10-05,4699
2017-10-06,5021
2017-10-07,4524
2017-10-08,5012
2017-10-09,4029
2017-10-10,3993
2017-10-11,4532
2017-10-12,4877
2017-10-13,5012
2017-10-14,5120
2017-10-15,4862
2017-10-16,4013
2017-10-17,4105
2017-10-18,4575
2017-10-19,4419
2017-10-20,5149
2017-10-21,4667
2017-10-22,4768
2017-10-23,4214
2017-10-24,4141
2017-10-25,4266
2017-10-26,4724
2017-10-27,5300
2017-10-28,4867
2017-10-29,4735
2017-10-30,3995
2017-10-31,4209
2017-11-01,4003
2017-11-02,4013
2017-11-03,4708
2017-11-04,4368
2017-11-05,4168
2017-11-06,3600
2017-11-07,3772
2017-11-08,3949
2017-11-09,4432
2017-11-10,4630
2017-11-11,4226
2017-11-12,4468
2017-11-13,3675
2017-11-14,3884
2017-11-15,4039
2017-11-16,4333
2017-11-17,4588
2017-11-18,4604
2017-11-19,4575
2017-11-20,3629
2017-11-21,4137
2017-11-22,4004
2017-11-23,4035
2017-11-24,4858
2017-11-25,4671
2017-11-26,4429
2017-11-27,3656
2017-11-28,3817
2017-11-29,4058
2017-11-30,4343
2017-12-01,3951
2017-12-02,3687
2017-12-03,3937
2017-12-04,3105
2017-12-05,3356
2017-12-06,3306
2017-12-07,3560
2017-12-08,3859
2017-12-09,3666
2017-12-10,3691
2017-12-11,3287
2017-12-12,3156
2017-12-13,3253
2017-12-14,3767
2017-12-15,4007
2017-12-16,3367
2017-12-17,3666
2017-12-18,2940
2017-12-19,3132
2017-12-20,2973
2017-12-21,3490
2017-12-22,3719
2017-12-23,3681
2017-12-24,3528
2017-12-25,3148
2017-12-26,3192
2017-12-27,3515
2017-12-28,3680
2017-12-29,3980
2017-12-30,3632
2017-12-31,4000
2018-01-01,3100
2018-01-02,3217
2018-01-03,3477
2018-01-04,3951
2018-01-05,4017
2018-01-06,3812
2018-01-07,3709
2018-01-08,3387
2018-01-09,3496
2018-01-10,3584
2018-01-11,3581
2018-01-12,3946
2018-01-13,3663
2018-01-14,3918
2018-01-15,3154
2018-01-16,3244
2018-01-17,3436
2018-01-18,3599
2018-01-19,3969
2018-01-20,3899
2018-01-21,3917
2018-01-22,3245
2018-01-23,3405
2018-01-24,3367
2018-01-25,3675
2018-01-26,4067
2018-01-27,3635
2018-01-28,4042
2018-01-29,3177
2018-01-30,3394
2018-01-31,3630
2018-02-01,4584
2018-02-02,4911
2018-02-03,4592
2018-02-04,4893
2018-02-05,4068
2018-02-06,4013
2018-02-07,4111
2018-02-08,4118
2018-02-09,4931
2018-02-10,4638
2018-02-11,4924
2018-02-12,4025
2018-02-13,4293
2018-02-14,4125
2018-02-15,4617
2018-02-16,4814
2018-02-17,4778
2018-02-18,4494
2018-02-19,4007
2018-02-20,3817
2018-02-21,4189
2018-02-22,4508
2018-02-23,4815
2018-02-24,4480
2018-02-25,4876
2018-02-26,3960
2018-02-27,4031
2018-02-28,4235
2018-03-01,4933
2018-03-02,5190
2018-03-03,4923
2018-03-04,4890
2018-03-05,4066
2018-03-06,3822
2018-03-07,4199
2018-03-08,4440
2018-03-09,4661
2018-03-10,4539
2018-03-11,4483
2018-03-12,4037
2018-03-13,4291
2018-03-14,4467
2018-03-15,4581
2018-03-16,4821
2018-03-17,4411
2018-03-18,4521
2018-03-19,3863
2018-03-20,4042
2018-03-21,4277
2018-03-22,4355
2018-03-23,5048
2018-03-24,4692
2018-03-25,4819
2018-03-26,4204
2018-03-27,3999
2018-03-28,4364
2018-03-29,4514
2018-03-30,4931
2018-03-31,4877
2018-04-01,5425
2018-04-02,4271
2018-04-03,4529
2018-04-04,4746
2018-04-05,4887
2018-04-06,5563
2018-04-07,5220
2018-04-08,5601
2018-04-09,4181
2018-04-10,4539
2018-04-11,4550
2018-04-12,5039
2018-04-13,5143
2018-04-14,5232
2018-04-15,5147
2018-04-16,4304
2018-04-17,4328
2018-04-18,4623
2018-04-19,5122
2018-04-20,5446
2018-04-21,5283
2018-04-22,5570
2018-04-23,4458
2018-04-24,4469
2018-04-25,4776
2018-04-26,4840
2018-04-27,5355
2018-04-28,4894
2018-04-29,5434
2018-04-30,4358
2018-05-01,4694
2018-05-02,4634
2018-05-03,5126
2018-05-04,5429
2018-05-05,5263
2018-05-06,5551
2018-05-07,4645
2018-05-08,4660
2018-05-09,4511
2018-05-10,5577
2018-05-11,5918
2018-05-12,5423
2018-05-13,5243
2018-05-14,4502
2018-05-15,4575
2018-05-16,5021
2018-05-17,5095
2018-05-18,5424
2018-05-19,5202
2018-05-20,5596
2018-05-21,4773
2018-05-22,4913
2018-05-23,4936
2018-05-24,5004
2018-05-25,4945
2018-05-26,5344
2018-05-27,5385
2018-05-28,4542
2018-05-29,4673
2018-05-30,4585
2018-05-31,5147
2018-06-01,6300
2018-06-02,5984
2018-06-03,6148
2018-06-04,5100
2018-06-05,5080
2018-06-06,5300
2018-06-07,5597
2018-06-08,6187
2018-06-09,6049
2018-06-10,6085
2018-06-11,5358
2018-06-12,5552
2018-06-13,5328
2018-06-14,4830
2018-06-15,6431
2018-06-16,5734
2018-06-17,5784
2018-06-18,4925
2018-06-19,5074
2018-06-20,5427
2018-06-21,5275
2018-06-22,5931
2018-06-23,5915
2018-06-24,6081
2018-06-25,5107
2018-06-26,5012
2018-06-27,5132
2018-06-28,5480
2018-06-29,6215
2018-06-30,6149
2018-07-01,6123
2018-07-02,5493
2018-07-03,5446
2018-07-04,5548
2018-07-05,6392
2018-07-06,6961
2018-07-07,6579
2018-07-08,6808
2018-07-09,5442
2018-07-10,5625
2018-07-11,6339
2018-07-12,6130
2018-07-13,7007
2018-07-14,6479
2018-07-15,6169
2018-07-16,5139
2018-07-17,5596
2018-07-18,6106
2018-07-19,6354
2018-07-20,7049
2018-07-21,6254
2018-07-22,6968
2018-07-23,5348
2018-07-24,5754
2018-07-25,5886
2018-07-26,6145
2018-07-27,7151
2018-07-28,6318
2018-07-29,6284
2018-07-30,5539
2018-07-31,5632
2018-08-01,6173
2018-08-02,5934
2018-08-03,6312
2018-08-04,5848
2018-08-05,5776
2018-08-06,5003
2018-08-07,5376
2018-08-08,5796
2018-08-09,6024
2018-08-10,6455
2018-08-11,6004
2018-08-12,6241
2018-08-13,5095
2018-08-14,5677
2018-08-15,5484
2018-08-16,5779
2018-08-17,5907
2018-08-18,6031
2018-08-19,6364
2018-08-20,4995
2018-08-21,5214
2018-08-22,5674
2018-08-23,5497
2018-08-24,6641
2018-08-25,5959
2018-08-26,6099
2018-08-27,4985
2018-08-28,5426
2018-08-29,5996
2018-08-30,5955
2018-08-31,6210
2018-09-01,6021
2018-09-02,5831
2018-09-03,5187
2018-09-04,5251
2018-09-05,4722
2018-09-06,5333
2018-09-07,6309
2018-09-08,5822
2018-09-09,5685
2018-09-10,4839
2018-09-11,4766
2018-09-12,5248
2018-09-13,5955
2018-09-14,6279
2018-09-15,6235
2018-09-16,6078
2018-09-17,5126
2018-09-18,5459
2018-09-19,5334
2018-09-20,5491
2018-09-21,6327
2018-09-22,6085
2018-09-23,5797
2018-09-24,4824
2018-09-25,5131
2018-09-26,5418
2018-09-27,5682
2018-09-28,5802
2018-09-29,6178
2018-09-30,5764
2018-10-01,4122
2018-10-02,4158
2018-10-03,4844
2018-10-04,4687
2018-10-05,4982
2018-10-06,5016
2018-10-07,5091
2018-10-08,4133
2018-10-09,4420
2018-10-10,4298
2018-10-11,4567
2018-10-12,4773
2018-10-13,4643
2018-10-14,5271
2018-10-15,4400
2018-10-16,4303
2018-10-17,4684
2018-10-18,4622
2018-10-19,5091
2018-10-20,4879
2018-10-21,4936
2018-10-22,4129
2018-10-23,4465
2018-10-24,4450
2018-10-25,4763
2018-10-26,5320
2018-10-27,4935
2018-10-28,4789
2018-10-29,3964
2018-10-30,4316
2018-10-31,4400
2018-11-01,4169
2018-11-02,4589
2018-11-03,4748
2018-11-04,4227
2018-11-05,3461
2018-11-06,3884
2018-11-07,3906
2018-11-08,4202
2018-11-09,4685
2018-11-10,4550
2018-11-11,4199
2018-11-12,3648
2018-11-13,3897
2018-11-14,4065
2018-11-15,4475
2018-11-16,4745
2018-11-17,4345
2018-11-18,4295
2018-11-19,3647
2018-11-20,3760
2018-11-21,4049
2018-11-22,4193
2018-11-23,4379
2018-11-24,4287
2018-11-25,4569
2018-11-26,3766
2018-11-27,3916
2018-11-28,4011
2018-11-29,4393
2018-11-30,4629
2018-12-01,3859
2018-12-02,3855
2018-12-03,3372
2018-12-04,3155
2018-12-05,3533
2018-12-06,3707
2018-12-07,3928
2018-12-08,3784
2018-12-09,4095
2018-12-10,3369
2018-12-11,3461
2018-12-12,3594
2018-12-13,3746
2018-12-14,4304
2018-12-15,3928
2018-12-16,3779
2018-12-17,3533
2018-12-18,3494
2018-12-19,3482
2018-12-20,3570
2018-12-21,4182
2018-12-22,3895
2018-12-23,4202
2018-12-24,3302
2018-12-25,3348
2018-12-26,3667
2018-12-27,3855
2018-12-28,4149
2018-12-29,4004
2018-12-30,3977
2018-12-31,3370
2019-01-01,3593
2019-01-02,3637
2019-01-03,3715
2019-01-04,4324
2019-01-05,3591
2019-01-06,4272
2019-01-07,3146
2019-01-08,3376
2019-01-09,3554
2019-01-10,3718
2019-01-11,4274
2019-01-12,3770
2019-01-13,4022
2019-01-14,3278
2019-01-15,3488
2019-01-16,3551
2019-01-17,3749
2019-01-18,4049
2019-01-19,3845
2019-01-20,4026
2019-01-21,3456
2019-01-22,3380
2019-01-23,3451
2019-01-24,3817
2019-01-25,4124
2019-01-26,4029
2019-01-27,3860
2019-01-28,3137
2019-01-29,3388
2019-01-30,3464
2019-01-31,3727
2019-02-01,4796
2019-02-02,4772
2019-02-03,4688
2019-02-04,3996
2019-02-05,4124
2019-02-06,4257
2019-02-07,4436
2019-02-08,4993
2019-02-09,4522
2019-02-10,4968
2019-02-11,3942
2019-02-12,3913
2019-02-13,4256
2019-02-14,4308
2019-02-15,5019
2019-02-16,5011
2019-02-17,4605
2019-02-18,4021
2019-02-19,3850
2019-02-20,4296
2019-02-21,4302
2019-02-22,4798
2019-02-23,4472
2019-02-24,4857
2019-02-25,4115
2019-02-26,4105
2019-02-27,4101
2019-02-28,4687
2019-03-01,4694
2019-03-02,4225
2019-03-03,4729
2019-03-04,3755
2019-03-05,4171
2019-03-06,4100
2019-03-07,4456
2019-03-08,5057
2019-03-09,4378
2019-03-10,4562
2019-03-11,3896
2019-03-12,4248
2019-03-13,4060
2019-03-14,4273
2019-03-15,4901
2019-03-16,4479
2019-03-17,4679
2019-03-18,3694
2019-03-19,4344
2019-03-20,3960
2019-03-21,4314
2019-03-22,4815
2019-03-23,4877
2019-03-24,4439
2019-03-25,4178
2019-03-26,4138
2019-03-27,4216
2019-03-28,4213
2019-03-29,4917
2019-03-30,4456
2019-03-31,4861
2019-04-01,4375
2019-04-02,4655
2019-04-03,4724
2019-04-04,4884
2019-04-05,5734
2019-04-06,5399
2019-04-07,5624
2019-04-08,4247
2019-04-09,4848
2019-04-10,5240
2019-04-11,4979
2019-04-12,5960
2019-04-13,5251
2019-04-14,5137
2019-04-15,4480
2019-04-16,4845
2019-04-17,4677
2019-04-18,4953
2019-04-19,5705
2019-04-20,5300
2019-04-21,5507
2019-04-22,4567
2019-04-23,4752
2019-04-24,4745
2019-04-25,5100
2019-04-26,5407
2019-04-27,5539
2019-04-28,5276
2019-04-29,4708
2019-04-30,4635
2019-05-01,4975
2019-05-02,5098
2019-05-03,5527
2019-05-04,5103
2019-05-05,5329
2019-05-06,4591
2019-05-07,4828
2019-05-08,5115
2019-05-09,5107
2019-05-10,5554
2019-05-11,5160
2019-05-12,5626
2019-05-13,4869
2019-05-14,5005
2019-05-15,5063
2019-05-16,5303
2019-05-17,6071
2019-05-18,5498
2019-05-19,5658
2019-05-20,4592
2019-05-21,4564
2019-05-22,4822
2019-05-23,5186
2019-05-24,5743
2019-05-25,5801
2019-05-26,5549
2019-05-27,4836
2019-05-28,4719
2019-05-29,4887
2019-05-30,4946
2019-05-31,5582
2019-06-01,6090
2019-06-02,6090
2019-06-03,5278
2019-06-04,5306
2019-06-05,5369
2019-06-06,6137
2019-06-07,6285
2019-06-08,6223
2019-06-09,6003
2019-06-10,5237
2019-06-11,5444
2019-06-12,5476
2019-06-13,5237
2019-06-14,6310
2019-06-15,6237
2019-06-16,6201
2019-06-17,5189
2019-06-18,4955
2019-06-19,5299
2019-06-20,5790
2019-06-21,6396
2019-06-22,6234
2019-06-23,6057
2019-06-24,5182
2019-06-25,5276
2019-06-26,5248
2019-06-27,5257
2019-06-28,6401
2019-06-29,6016
2019-06-30,5956
2019-07-01,4892
2019-07-02,5469
2019-07-03,5465
2019-07-04,5905
2019-07-05,6817
2019-07-06,5614
2019-07-07,6027
2019-07-08,5148
2019-07-09,5624
2019-07-10,5201
2019-07-11,6185
2019-07-12,6430
2019-07-13,6048
2019-07-14,6136
2019-07-15,5107
2019-07-16,5548
2019-07-17,5310
2019-07-18,5863
2019-07-19,6313
2019-07-20,5907
2019-07-21,6738
2019-07-22,5262
2019-07-23,5466
2019-07-24,5736
2019-07-25,5504
2019-07-26,6792
2019-07-27,5535
2019-07-28,6012
2019-07-29,5102
2019-07-30,5460
2019-07-31,5559
2019-08-01,5944
2019-08-02,6602
2019-08-03,6049
2019-08-04,6043
2019-08-05,5488
2019-08-06,5657
2019-08-07,6010
2019-08-08,5813
2019-08-09,6765
2019-08-10,6201
2019-08-11,6643
2019-08-12,5544
2019-08-13,5564
2019-08-14,5626
2019-08-15,6180
2019-08-16,6755
2019-08-17,6113
2019-08-18,6081
2019-08-19,5298
2019-08-20,5816
2019-08-21,5922
2019-08-22,5746
2019-08-23,6335
2019-08-24,6543
2019-08-25,6124
2019-08-26,5448
2019-08-27,5404
2019-08-28,6016
2019-08-29,5817
2019-08-30,6869
2019-08-31,6304
2019-09-01,6240
2019-09-02,4833
2019-09-03,4944
2019-09-04,5480
2019-09-05,5849
2019-09-06,6154
2019-09-07,5843
2019-09-08,6307
2019-09-09,5294
2019-09-10,5331
2019-09-11,5673
2019-09-12,5561
2019-09-13,6327
2019-09-14,6425
2019-09-15,6200
2019-09-16,5214
2019-09-17,5789
2019-09-18,5252
2019-09-19,5960
2019-09-20,6779
2019-09-21,6006
2019-09-22,6372
2019-09-23,5013
2019-09-24,5228
2019-09-25,5597
2019-09-26,5961
2019-09-27,6658
2019-09-28,6409
2019-09-29,6171
2019-09-30,5408
2019-10-01,4433
2019-10-02,4771
2019-10-03,4892
2019-10-04,5449
2019-10-05,5163
2019-10-06,4889
2019-10-07,4177
2019-10-08,4503
2019-10-09,4352
2019-10-10,4998
2019-10-11,5529
2019-10-12,5146
2019-10-13,4977
2019-10-14,4558
2019-10-15,4806
2019-10-16,4649
2019-10-17,4943
2019-10-18,5403
2019-10-19,5182
2019-10-20,5159
2019-10-21,4343
2019-10-22,4629
2019-10-23,5005
2019-10-24,4619
2019-10-25,5346
2019-10-26,4878
2019-10-27,5469
2019-10-28,4258
2019-10-29,4260
2019-10-30,4729
2019-10-31,5153
2019-11-01,4826
2019-11-02,4505
2019-11-03,4619
2019-11-04,4011
2019-11-05,3823
2019-11-06,4050
2019-11-07,4202
2019-11-08,4524
2019-11-09,4421
2019-11-10,4730
2019-11-11,3898
2019-11-12,4033
2019-11-13,4087
2019-11-14,4347
2019-11-15,4584
2019-11-16,4424
2019-11-17,4584
2019-11-18,3859
2019-11-19,3988
2019-11-20,4046
2019-11-21,4213
2019-11-22,5238
2019-11-23,4615
2019-11-24,4620
2019-11-25,3791
2019-11-26,3882
2019-11-27,4047
2019-11-28,4313
2019-11-29,4406
2019-11-30,4227
2019-12-01,3865
2019-12-02,3342
2019-12-03,3395
2019-12-04,3713
2019-12-05,3514
2019-12-06,3987
2019-12-07,4090
2019-12-08,3972
2019-12-09,3421
2019-12-10,3670
2019-12-11,3444
2019-12-12,3694
2019-12-13,4056
2019-12-14,3617
2019-12-15,3911
2019-12-16,3421
2019-12-17,3489
2019-12-18,3607
2019-12-19,3658
2019-12-20,4001
2019-12-21,4056
2019-12-22,3885
2019-12-23,3352
2019-12-24,3444
2019-12-25,3711
2019-12-26,3833
2019-12-27,3909
2019-12-28,3722
2019-12-29,4034
2019-12-30,3311
2019-12-31,3370
2020-01-01,1380
2020-01-02,1408
2020-01-03,1548
2020-01-04,1505
2020-01-05,1472
2020-01-06,1321
2020-01-07,1257
2020-01-08,1363
2020-01-09,1469
2020-01-10,1471
2020-01-11,1448
2020-01-12,1552
2020-01-13,1303
2020-01-14,1284
2020-01-15,1298
2020-01-16,1446
2020-01-17,1609
2020-01-18,1406
2020-01-19,1429
2020-01-20,1262
2020-01-21,1321
2020-01-22,1318
2020-01-23,1432
2020-01-24,1507
2020-01-25,1357
2020-01-26,1470
2020-01-27,1255
2020-01-28,1280
2020-01-29,1278
2020-01-30,1310
2020-01-31,1518
2020-02-01,1836
2020-02-02,1893
2020-02-03,1585
2020-02-04,1525
2020-02-05,1553
2020-02-06,1729
2020-02-07,1919
2020-02-08,1805
2020-02-09,1685
2020-02-10,1475
2020-02-11,1568
2020-02-12,1646
2020-02-13,1745
2020-02-14,1887
2020-02-15,1801
2020-02-16,1818
2020-02-17,1558
2020-02-18,1587
2020-02-19,1622
2020-02-20,1684
2020-02-21,1883
2020-02-22,1811
2020-02-23,1830
2020-02-24,1542
2020-02-25,1644
2020-02-26,1634
2020-02-27,1661
2020-02-28,1936
2020-02-29,1695
2020-03-01,1995
2020-03-02,1761
2020-03-03,1828
2020-03-04,1771
2020-03-05,1918
2020-03-06,2102
2020-03-07,2002
2020-03-08,2142
2020-03-09,1783
2020-03-10,1795
2020-03-11,1816
2020-03-12,1852
2020-03-13,2254
2020-03-14,2079
2020-03-15,2022
2020-03-16,1784
2020-03-17,1791
2020-03-18,1833
2020-03-19,1974
2020-03-20,2092
2020-03-21,2012
2020-03-22,2082
2020-03-23,1710
2020-03-24,1838
2020-03-25,1972
2020-03-26,1893
2020-03-27,2022
2020-03-28,1894
2020-03-29,2063
2020-03-30,1700
2020-03-31,1809
2020-04-01,2251
2020-04-02,2221
2020-04-03,2435
2020-04-04,2491
2020-04-05,2522
2020-04-06,2075
2020-04-07,2048
2020-04-08,2278
2020-04-09,2458
2020-04-10,2625
2020-04-11,2392
2020-04-12,2514
2020-04-13,2006
2020-04-14,2254
2020-04-15,2248
2020-04-16,2208
2020-04-17,2572
2020-04-18,2505
2020-04-19,2481
2020-04-20,2086
2020-04-21,2081
2020-04-22,2286
2020-04-23,2300
2020-04-24,2403
2020-04-25,2433
2020-04-26,2596
2020-04-27,2078
2020-04-28,2306
2020-04-29,2275
2020-04-30,2381
2020-05-01,2349
2020-05-02,2233
2020-05-03,2258
2020-05-04,1892
2020-05-05,2010
2020-05-06,1968
2020-05-07,2056
2020-05-08,2267
2020-05-09,2398
2020-05-10,2321
2020-05-11,1933
2020-05-12,1900
2020-05-13,2079
2020-05-14,2127
2020-05-15,2378
2020-05-16,2161
2020-05-17,2291
2020-05-18,1884
2020-05-19,1921
2020-05-20,2087
2020-05-21,2021
2020-05-22,2407
2020-05-23,2292
2020-05-24,2208
2020-05-25,1858
2020-05-26,1958
2020-05-27,2055
2020-05-28,2125
2020-05-29,2396
2020-05-30,2376
2020-05-31,2238
2020-06-01,2374
2020-06-02,2682
2020-06-03,2845
2020-06-04,2860
2020-06-05,2998
2020-06-06,2943
2020-06-07,2892
2020-06-08,2583
2020-06-09,2483
2020-06-10,2659
2020-06-11,2722
2020-06-12,3131
2020-06-13,2918
2020-06-14,3028
2020-06-15,2528
2020-06-16,2516
2020-06-17,2746
2020-06-18,2817
2020-06-19,3009
2020-06-20,3187
2020-06-21,3060
2020-06-22,2512
2020-06-23,2735
2020-06-24,2860
2020-06-25,2807
2020-06-26,3155
2020-06-27,2853
2020-06-28,2994
2020-06-29,2508
2020-06-30,2623
2020-07-01,2925
2020-07-02,3095
2020-07-03,3382
2020-07-04,3045
2020-07-05,3132
2020-07-06,2666
2020-07-07,2777
2020-07-08,2997
2020-07-09,2912
2020-07-10,3312
2020-07-11,3286
2020-07-12,3204
2020-07-13,2761
2020-07-14,2791
2020-07-15,2917
2020-07-16,3011
2020-07-17,3432
2020-07-18,3008
2020-07-19,3197
2020-07-20,2746
2020-07-21,2857
2020-07-22,3042
2020-07-23,2994
2020-07-24,3527
2020-07-25,3107
2020-07-26,3389
2020-07-27,2795
2020-07-28,2715
2020-07-29,2922
2020-07-30,3030
2020-07-31,3427
2020-08-01,3339
2020-08-02,3390
2020-08-03,3014
2020-08-04,2957
2020-08-05,3148
2020-08-06,3187
2020-08-07,3756
2020-08-08,3286
2020-08-09,3353
2020-08-10,3029
2020-08-11,2922
2020-08-12,3231
2020-08-13,3313
2020-08-14,3530
2020-08-15,3152
2020-08-16,3424
2020-08-17,2886
2020-08-18,3089
2020-08-19,3230
2020-08-20,3135
2020-08-21,3649
2020-08-22,3456
2020-08-23,3555
2020-08-24,2926
2020-08-25,2766
2020-08-26,3043
2020-08-27,3083
2020-08-28,3524
2020-08-29,3481
2020-08-30,3463
2020-08-31,2992
2020-09-01,3205
2020-09-02,3116
2020-09-03,3126
2020-09-04,3807
2020-09-05,3564
2020-09-06,3532
2020-09-07,2886
2020-09-08,3085
2020-09-09,3243
2020-09-10,3508
2020-09-11,3812
2020-09-12,3793
2020-09-13,3524
2020-09-14,3164
2020-09-15,3172
2020-09-16,3344
2020-09-17,3376
2020-09-18,3929
2020-09-19,3628
2020-09-20,3570
2020-09-21,3068
2020-09-22,3140
2020-09-23,3321
2020-09-24,3286
2020-09-25,3783
2020-09-26,3641
2020-09-27,3661
2020-09-28,3214
2020-09-29,3253
2020-09-30,3264
2020-10-01,3433
2020-10-02,3803
2020-10-03,3620
2020-10-04,3402
2020-10-05,3018
2020-10-06,2984
2020-10-07,3390
2020-10-08,3400
2020-10-09,3739
2020-10-10,3682
2020-10-11,3688
2020-10-12,2930
2020-10-13,3140
2020-10-14,3207
2020-10-15,3199
2020-10-16,3674
2020-10-17,3547
2020-10-18,3620
2020-10-19,2892
2020-10-20,3275
2020-10-21,3234
2020-10-22,3412
2020-10-23,3817
2020-10-24,3471
2020-10-25,3693
2020-10-26,3011
2020-10-27,3049
2020-10-28,3310
2020-10-29,3585
2020-10-30,3860
2020-10-31,3685
2020-11-01,2700
2020-11-02,2179
2020-11-03,2506
2020-11-04,2632
2020-11-05,2717
2020-11-06,2815
2020-11-07,2592
2020-11-08,2647
2020-11-09,2172
2020-11-10,2373
2020-11-11,2593
2020-11-12,2565
2020-11-13,2878
2020-11-14,2831
2020-11-15,2711
2020-11-16,2472
2020-11-17,2548
2020-11-18,2444
2020-11-19,2526
2020-11-20,2918
2020-11-21,2668
2020-11-22,2639
2020-11-23,2411
2020-11-24,2483
2020-11-25,2469
2020-11-26,2464
2020-11-27,2726
2020-11-28,2711
2020-11-29,2702
2020-11-30,2280
2020-12-01,2590
2020-12-02,2644
2020-12-03,2837
2020-12-04,2887
2020-12-05,2801
2020-12-06,2964
2020-12-07,2461
2020-12-08,2635
2020-12-09,2616
2020-12-10,2882
2020-12-11,3047
2020-12-12,2941
2020-12-13,2854
2020-12-14,2424
2020-12-15,2580
2020-12-16,2723
2020-12-17,2776
2020-12-18,2982
2020-12-19,2972
2020-12-20,2666
2020-12-21,2302
2020-12-22,2560
2020-12-23,2579
2020-12-24,2764
2020-12-25,2997
2020-12-26,2892
2020-12-27,2805
2020-12-28,2471
2020-12-29,2587
2020-12-30,2688
2020-12-31,2897
2021-01-01,2927
2021-01-02,2778
2021-01-03,2652
2021-01-04,2308
2021-01-05,2410
2021-01-06,2594
2021-01-07,2570
2021-01-08,2983
2021-01-09,2752
2021-01-10,2784
2021-01-11,2372
2021-01-12,2393
2021-01-13,2464
2021-01-14,2470
2021-01-15,2877
2021-01-16,2705
2021-01-17,2751
2021-01-18,2386
2021-01-19,2482
2021-01-20,2522
2021-01-21,2718
2021-01-22,2960
2021-01-23,2723
2021-01-24,2756
2021-01-25,2377
2021-01-26,2475
2021-01-27,2624
2021-01-28,2736
2021-01-29,2847
2021-01-30,2742
2021-01-31,2868
2021-02-01,3330
2021-02-02,3422
2021-02-03,3408
2021-02-04,3429
2021-02-05,3823
2021-02-06,3793
2021-02-07,3871
2021-02-08,3087
2021-02-09,3318
2021-02-10,3491
2021-02-11,3442
2021-02-12,4115
2021-02-13,3707
2021-02-14,3994
2021-02-15,3151
2021-02-16,3194
2021-02-17,3361
2021-02-18,3574
2021-02-19,3908
2021-02-20,3728
2021-02-21,3870
2021-02-22,3191
2021-02-23,3305
2021-02-24,3211
2021-02-25,3635
2021-02-26,3949
2021-02-27,3969
2021-02-28,3699
2021-03-01,3160
2021-03-02,3557
2021-03-03,3633
2021-03-04,3635
2021-03-05,3940
2021-03-06,4160
2021-03-07,4219
2021-03-08,3080
2021-03-09,3425
2021-03-10,3798
2021-03-11,3706
2021-03-12,4092
2021-03-13,3909
2021-03-14,3862
2021-03-15,3172
2021-03-16,3610
2021-03-17,3357
2021-03-18,3801
2021-03-19,4292
2021-03-20,3747
2021-03-21,3890
2021-03-22,3517
2021-03-23,3546
2021-03-24,3511
2021-03-25,3927
2021-03-26,4339
2021-03-27,3985
2021-03-28,3893
2021-03-29,3325
2021-03-30,3516
2021-03-31,3565
2021-04-01,4452
2021-04-02,4506
2021-04-03,4279
2021-04-04,4626
2021-04-05,3792
2021-04-06,3894
2021-04-07,3851
2021-04-08,4313
2021-04-09,4753
2021-04-10,4618
2021-04-11,4608
2021-04-12,3840
2021-04-13,4146
2021-04-14,3916
2021-04-15,4391
2021-04-16,4483
2021-04-17,4383
2021-04-18,4402
2021-04-19,3964
2021-04-20,3972
2021-04-21,4103
2021-04-22,4143
2021-04-23,4711
2021-04-24,4395
2021-04-25,4659
2021-04-26,3725
2021-04-27,4167
2021-04-28,3864
2021-04-29,4188
2021-04-30,5041
2021-05-01,4682
2021-05-02,4618
2021-05-03,4094
2021-05-04,4123
2021-05-05,4196
2021-05-06,4364
2021-05-07,5499
2021-05-08,4712
2021-05-09,4514
2021-05-10,4275
2021-05-11,4282
2021-05-12,4206
2021-05-13,4390
2021-05-14,5132
2021-05-15,4713
2021-05-16,4514
2021-05-17,4317
2021-05-18,4129
2021-05-19,4548
2021-05-20,4741
2021-05-21,4838
2021-05-22,4926
2021-05-23,4730
2021-05-24,3797
2021-05-25,4130
2021-05-26,4382
2021-05-27,4465
2021-05-28,4960
2021-05-29,4945
2021-05-30,4859
2021-05-31,3943
2021-06-01,4899
2021-06-02,4964
2021-06-03,4719
2021-06-04,5804
2021-06-05,5497
2021-06-06,5525
2021-06-07,4779
2021-06-08,4669
2021-06-09,4988
2021-06-10,4892
2021-06-11,5800
2021-06-12,5793
2021-06-13,5329
2021-06-14,4511
2021-06-15,4663
2021-06-16,4952
2021-06-17,4984
2021-06-18,5803
2021-06-19,5583
2021-06-20,5625
2021-06-21,4347
2021-06-22,4948
2021-06-23,5091
2021-06-24,5327
2021-06-25,5793
2021-06-26,5464
2021-06-27,5721
2021-06-28,4946
2021-06-29,4622
2021-06-30,5116
2021-07-01,5175
2021-07-02,5709
2021-07-03,5146
2021-07-04,5482
2021-07-05,4485
2021-07-06,4717
2021-07-07,4754
2021-07-08,5109
2021-07-09,5653
2021-07-10,5456
2021-07-11,5224
2021-07-12,4412
2021-07-13,4856
2021-07-14,4806
2021-07-15,5386
2021-07-16,5780
2021-07-17,5553
2021-07-18,5810
2021-07-19,4597
2021-07-20,4699
2021-07-21,5094
2021-07-22,5283
2021-07-23,5697
2021-07-24,5703
2021-07-25,5496
2021-07-26,4652
2021-07-27,4799
2021-07-28,4782
2021-07-29,5205
2021-07-30,6015
2021-07-31,5523
2021-08-01,5765
2021-08-02,4806
2021-08-03,5045
2021-08-04,5277
2021-08-05,5514
2021-08-06,5895
2021-08-07,5720
2021-08-08,5855
2021-08-09,4663
2021-08-10,5017
2021-08-11,4753
2021-08-12,5490
2021-08-13,6102
2021-08-14,5804
2021-08-15,5679
2021-08-16,4885
2021-08-17,5236
2021-08-18,5396
2021-08-19,5393
2021-08-20,5993
2021-08-21,5876
2021-08-22,5456
2021-08-23,4778
2021-08-24,5221
2021-08-25,5317
2021-08-26,5468
2021-08-27,5650
2021-08-28,5646
2021-08-29,5640
2021-08-30,4889
2021-08-31,4846
2021-09-01,5252
2021-09-02,5306
2021-09-03,6589
2021-09-04,5908
2021-09-05,6134
2021-09-06,5120
2021-09-07,5086
2021-09-08,5207
2021-09-09,5518
2021-09-10,6159
2021-09-11,6069
2021-09-12,5931
2021-09-13,5433
2021-09-14,5474
2021-09-15,5601
2021-09-16,5696
2021-09-17,6654
2021-09-18,5946
2021-09-19,6094
2021-09-20,5151
2021-09-21,5414
2021-09-22,5569
2021-09-23,5624
2021-09-24,6201
2021-09-25,6126
2021-09-26,6254
2021-09-27,5050
2021-09-28,4990
2021-09-29,5408
2021-09-30,5844
2021-10-01,5388
2021-10-02,4604
2021-10-03,4820
2021-10-04,4051
2021-10-05,4439
2021-10-06,4363
2021-10-07,4442
2021-10-08,5167
2021-10-09,4738
2021-10-10,4683
2021-10-11,3978
2021-10-12,4495
2021-10-13,4428
2021-10-14,4605
2021-10-15,5024
2021-10-16,4855
2021-10-17,4941
2021-10-18,4149
2021-10-19,4255
2021-10-20,4502
2021-10-21,4591
2021-10-22,4894
2021-10-23,4703
2021-10-24,4554
2021-10-25,4398
2021-10-26,4366
2021-10-27,4242
2021-10-28,4542
2021-10-29,4955
2021-10-30,5065
2021-10-31,4650
2021-11-01,3505
2021-11-02,3588
2021-11-03,3821
2021-11-04,3885
2021-11-05,4043
2021-11-06,4049
2021-11-07,4018
2021-11-08,3500
2021-11-09,3783
2021-11-10,3487
2021-11-11,3790
2021-11-12,4224
2021-11-13,4030
2021-11-14,4267
2021-11-15,3469
2021-11-16,3654
2021-11-17,3632
2021-11-18,3931
2021-11-19,4425
2021-11-20,3980
2021-11-21,4273
2021-11-22,3497
2021-11-23,3734
2021-11-24,3687
2021-11-25,3951
2021-11-26,4302
2021-11-27,4071
2021-11-28,4197
2021-11-29,3556
2021-11-30,3445
2021-12-01,3485
2021-12-02,3258
2021-12-03,3758
2021-12-04,3639
2021-12-05,3771
2021-12-06,3292
2021-12-07,3010
2021-12-08,3260
2021-12-09,3225
2021-12-10,3854
2021-12-11,3686
2021-12-12,3924
2021-12-13,3133
2021-12-14,3337
2021-12-15,3387
2021-12-16,3432
2021-12-17,3660
2021-12-18,3686
2021-12-19,3523
2021-12-20,3261
2021-12-21,3201
2021-12-22,3458
2021-12-23,3426
2021-12-24,3886
2021-12-25,3678
2021-12-26,3711
2021-12-27,3073
2021-12-28,3264
2021-12-29,3211
2021-12-30,3337
2021-12-31,4017
2022-01-01,4063
2022-01-02,4043
2022-01-03,3583
2022-01-04,3461
2022-01-05,3768
2022-01-06,3805
2022-01-07,4028
2022-01-08,4218
2022-01-09,4174
2022-01-10,3371
2022-01-11,3583
2022-01-12,3551
2022-01-13,3891
2022-01-14,3828
2022-01-15,3820
2022-01-16,4172
2022-01-17,3356
2022-01-18,3519
2022-01-19,3432
2022-01-20,4026
2022-01-21,4352
2022-01-22,3934
2022-01-23,3977
2022-01-24,3508
2022-01-25,3736
2022-01-26,3722
2022-01-27,4069
2022-01-28,4043
2022-01-29,3848
2022-01-30,3866
2022-01-31,3438
2022-02-01,4528
2022-02-02,4615
2022-02-03,5010
2022-02-04,5614
2022-02-05,4831
2022-02-06,5088
2022-02-07,4486
2022-02-08,4427
2022-02-09,4510
2022-02-10,5045
2022-02-11,5139
2022-02-12,5050
2022-02-13,5256
2022-02-14,4274
2022-02-15,4624
2022-02-16,4547
2022-02-17,5112
2022-02-18,5358
2022-02-19,5224
2022-02-20,5332
2022-02-21,4266
2022-02-22,4177
2022-02-23,4698
2022-02-24,4884
2022-02-25,5487
2022-02-26,5063
2022-02-27,5118
2022-02-28,4668
2022-03-01,4236
2022-03-02,4722
2022-03-03,4737
2022-03-04,5278
2022-03-05,5008
2022-03-06,5011
2022-03-07,4414
2022-03-08,4683
2022-03-09,4680
2022-03-10,4852
2022-03-11,5156
2022-03-12,5156
2022-03-13,5546
2022-03-14,4270
2022-03-15,4407
2022-03-16,4514
2022-03-17,4751
2022-03-18,4827
2022-03-19,5136
2022-03-20,5004
2022-03-21,4084
2022-03-22,4584
2022-03-23,4430
2022-03-24,4777
2022-03-25,5615
2022-03-26,4815
2022-03-27,4880
2022-03-28,4369
2022-03-29,4646
2022-03-30,4350
2022-03-31,4903
2022-04-01,5991
2022-04-02,5167
2022-04-03,5828
2022-04-04,4904
2022-04-05,4857
2022-04-06,5284
2022-04-07,5527
2022-04-08,5893
2022-04-09,5480
2022-04-10,5476
2022-04-11,4752
2022-04-12,5008
2022-04-13,5005
2022-04-14,4906
2022-04-15,6133
2022-04-16,5605
2022-04-17,5594
2022-04-18,4901
2022-04-19,5172
2022-04-20,4566
2022-04-21,5396
2022-04-22,5579
2022-04-23,5665
2022-04-24,5695
2022-04-25,4864
2022-04-26,4824
2022-04-27,4730
2022-04-28,5231
2022-04-29,5956
2022-04-30,5766
2022-05-01,5422
2022-05-02,4915
2022-05-03,4785
2022-05-04,5112
2022-05-05,5205
2022-05-06,5893
2022-05-07,5726
2022-05-08,5411
2022-05-09,4632
2022-05-10,4928
2022-05-11,5472
2022-05-12,5140
2022-05-13,6273
2022-05-14,5942
2022-05-15,5634
2022-05-16,4695
2022-05-17,4778
2022-05-18,5036
2022-05-19,5039
2022-05-20,5840
2022-05-21,5843
2022-05-22,5532
2022-05-23,4705
2022-05-24,4605
2022-05-25,5114
2022-05-26,5349
2022-05-27,5868
2022-05-28,5510
2022-05-29,5595
2022-05-30,4828
2022-05-31,4891
2022-06-01,5741
2022-06-02,6007
2022-06-03,6846
2022-06-04,6394
2022-06-05,6403
2022-06-06,5621
2022-06-07,5589
2022-06-08,5938
2022-06-09,6089
2022-06-10,6162
2022-06-11,6532
2022-06-12,6390
2022-06-13,5328
2022-06-14,5562
2022-06-15,5610
2022-06-16,6010
2022-06-17,6451
2022-06-18,6525
2022-06-19,6335
2022-06-20,5266
2022-06-21,5330
2022-06-22,5732
2022-06-23,6001
2022-06-24,6677
2022-06-25,6022
2022-06-26,6003
2022-06-27,5455
2022-06-28,5794
2022-06-29,5474
2022-06-30,6294
2022-07-01,6995
2022-07-02,6566
2022-07-03,6594
2022-07-04,5341
2022-07-05,5992
2022-07-06,5809
2022-07-07,6098
2022-07-08,7167
2022-07-09,6135
2022-07-10,6331
2022-07-11,5609
2022-07-12,5851
2022-07-13,6072
2022-07-14,6203
2022-07-15,7540
2022-07-16,6516
2022-07-17,6633
2022-07-18,5456
2022-07-19,5817
2022-07-20,6100
2022-07-21,6534
2022-07-22,6565
2022-07-23,6512
2022-07-24,6792
2022-07-25,5728
2022-07-26,5793
2022-07-27,6084
2022-07-28,6092
2022-07-29,7304
2022-07-30,6796
2022-07-31,6373
2022-08-01,5454
2022-08-02,5634
2022-08-03,6172
2022-08-04,6046
2022-08-05,6913
2022-08-06,6738
2022-08-07,6737
2022-08-08,5719
2022-08-09,5630
2022-08-10,6155
2022-08-11,6195
2022-08-12,6914
2022-08-13,6687
2022-08-14,6777
2022-08-15,5672
2022-08-16,5695
2022-08-17,5966
2022-08-18,6331
2022-08-19,6657
2022-08-20,6525
2022-08-21,6844
2022-08-22,5414
2022-08-23,6085
2022-08-24,6297
2022-08-25,6055
2022-08-26,7326
2022-08-27,6599
2022-08-28,6852
2022-08-29,5569
2022-08-30,6037
2022-08-31,6115
2022-09-01,6043
2022-09-02,6592
2022-09-03,6183
2022-09-04,6679
2022-09-05,5680
2022-09-06,5877
2022-09-07,5900
2022-09-08,5968
2022-09-09,6708
2022-09-10,6779
2022-09-11,6522
2022-09-12,5597
2022-09-13,5530
2022-09-14,5994
2022-09-15,6121
2022-09-16,7124
2022-09-17,6693
2022-09-18,6520
2022-09-19,5544
2022-09-20,5635
2022-09-21,5630
2022-09-22,6034
2022-09-23,6920
2022-09-24,6591
2022-09-25,6669
2022-09-26,5510
2022-09-27,5934
2022-09-28,5937
2022-09-29,6373
2022-09-30,6445
2022-10-01,4532
2022-10-02,5402
2022-10-03,4265
2022-10-04,4598
2022-10-05,4725
2022-10-06,5293
2022-10-07,5617
2022-10-08,5284
2022-10-09,5506
2022-10-10,4547
2022-10-11,4558
2022-10-12,4955
2022-10-13,4820
2022-10-14,5603
2022-10-15,4969
2022-10-16,5387
2022-10-17,4520
2022-10-18,4904
2022-10-19,4514
2022-10-20,4909
2022-10-21,5699
2022-10-22,5315
2022-10-23,5383
2022-10-24,4339
2022-10-25,4537
2022-10-26,4984
2022-10-27,5006
2022-10-28,5613
2022-10-29,5232
2022-10-30,5127
2022-10-31,4636
2022-11-01,4156
2022-11-02,4551
2022-11-03,4264
2022-11-04,5025
2022-11-05,4419
2022-11-06,4742
2022-11-07,4094
2022-11-08,3788
2022-11-09,4181
2022-11-10,4334
2022-11-11,4765
2022-11-12,4694
2022-11-13,4901
2022-11-14,3940
2022-11-15,4114
2022-11-16,4228
2022-11-17,4422
2022-11-18,4698
2022-11-19,4812
2022-11-20,4765
2022-11-21,4013
2022-11-22,3969
2022-11-23,4143
2022-11-24,4394
2022-11-25,4622
2022-11-26,4358
2022-11-27,4617
2022-11-28,4031
2022-11-29,3991
2022-11-30,4061
2022-12-01,3697
2022-12-02,4137
2022-12-03,3938
2022-12-04,4367
2022-12-05,3533
2022-12-06,3642
2022-12-07,3773
2022-12-08,3673
2022-12-09,4025
2022-12-10,3833
2022-12-11,4249
2022-12-12,3342
2022-12-13,3362
2022-12-14,3570
2022-12-15,3774
2022-12-16,4244
2022-12-17,4022
2022-12-18,3942
2022-12-19,3489
2022-12-20,3437
2022-12-21,3605
2022-12-22,3897
2022-12-23,4110
2022-12-24,3908
2022-12-25,4144
2022-12-26,3305
2022-12-27,3468
2022-12-28,3695
2022-12-29,4079
2022-12-30,4294
2022-12-31,4053
2023-01-01,4197
2023-01-02,3328
2023-01-03,3583
2023-01-04,3675
2023-01-05,3907
2023-01-06,4285
2023-01-07,4101
2023-01-08,4076
2023-01-09,3465
2023-01-10,3415
2023-01-11,3638
2023-01-12,4051
2023-01-13,4315
2023-01-14,4044
2023-01-15,4394
2023-01-16,3294
2023-01-17,3430
2023-01-18,3900
2023-01-19,3869
2023-01-20,4232
2023-01-21,3877
2023-01-22,4185
2023-01-23,3524
2023-01-24,3432
2023-01-25,3661
2023-01-26,3818
2023-01-27,4306
2023-01-28,3888
2023-01-29,4301
2023-01-30,3569
2023-01-31,3523
2023-02-01,4648
2023-02-02,4894
2023-02-03,5285
2023-02-04,5072
2023-02-05,5196
2023-02-06,4651
2023-02-07,4694
2023-02-08,4837
2023-02-09,4981
2023-02-10,5220
2023-02-11,5144
2023-02-12,5424
2023-02-13,4209
2023-02-14,4644
2023-02-15,5064
2023-02-16,5100
2023-02-17,5702
2023-02-18,5191
2023-02-19,5423
2023-02-20,4292
2023-02-21,4670
2023-02-22,4791
2023-02-23,4968
2023-02-24,5683
2023-02-25,5055
2023-02-26,5211
2023-02-27,4417
2023-02-28,4379
2023-03-01,4584
2023-03-02,4488
2023-03-03,5469
2023-03-04,5011
2023-03-05,5001
2023-03-06,4150
2023-03-07,4375
2023-03-08,4657
2023-03-09,4867
2023-03-10,5145
2023-03-11,4854
2023-03-12,5210
2023-03-13,4167
2023-03-14,4420
2023-03-15,4567
2023-03-16,4827
2023-03-17,5434
2023-03-18,4781
2023-03-19,4753
2023-03-20,4190
2023-03-21,4689
2023-03-22,4870
2023-03-23,5081
2023-03-24,5240
2023-03-25,4690
2023-03-26,4676
2023-03-27,4183
2023-03-28,4381
2023-03-29,4755
2023-03-30,4920
2023-03-31,5317
2023-04-01,5390
2023-04-02,5474
2023-04-03,4796
2023-04-04,5025
2023-04-05,5127
2023-04-06,5118
2023-04-07,6000
2023-04-08,5646
2023-04-09,5452
2023-04-10,4624
2023-04-11,5024
2023-04-12,5016
2023-04-13,5606
2023-04-14,5970
2023-04-15,5468
2023-04-16,5662
2023-04-17,4765
2023-04-18,4781
2023-04-19,4896
2023-04-20,5441
2023-04-21,6040
2023-04-22,5681
2023-04-23,5965
2023-04-24,4664
2023-04-25,5193
2023-04-26,4898
2023-04-27,5122
2023-04-28,5505
2023-04-29,5476
2023-04-30,5565
2023-05-01,5103
2023-05-02,5214
2023-05-03,5108
2023-05-04,5520
2023-05-05,6103
2023-05-06,5499
2023-05-07,5765
2023-05-08,4875
2023-05-09,5430
2023-05-10,5366
2023-05-11,5726
2023-05-12,5859
2023-05-13,6108
2023-05-14,6242
2023-05-15,4660
2023-05-16,5043
2023-05-17,5423
2023-05-18,5723
2023-05-19,6036
2023-05-20,5800
2023-05-21,5845
2023-05-22,5030
2023-05-23,5387
2023-05-24,5186
2023-05-25,5793
2023-05-26,6014
2023-05-27,5689
2023-05-28,6141
2023-05-29,5172
2023-05-30,5324
2023-05-31,5085
2023-06-01,5997
2023-06-02,6929
2023-06-03,6396
2023-06-04,6259
2023-06-05,5545
2023-06-06,5491
2023-06-07,6171
2023-06-08,6426
2023-06-09,6878
2023-06-10,6691
2023-06-11,6518
2023-06-12,5604
2023-06-13,5923
2023-06-14,5856
2023-06-15,6042
2023-06-16,6333
2023-06-17,6368
2023-06-18,6690
2023-06-19,5639
2023-06-20,5732
2023-06-21,5696
2023-06-22,5675
2023-06-23,6619
2023-06-24,6319
2023-06-25,6432
2023-06-26,5576
2023-06-27,6024
2023-06-28,5831
2023-06-29,6050
2023-06-30,6674
2023-07-01,6794
2023-07-02,6688
2023-07-03,5805
2023-07-04,6060
2023-07-05,6195
2023-07-06,6561
2023-07-07,7242
2023-07-08,6345
2023-07-09,7042
2023-07-10,5645
2023-07-11,5737
2023-07-12,5912
2023-07-13,6555
2023-07-14,7078
2023-07-15,6367
2023-07-16,7003
2023-07-17,5490
2023-07-18,5995
2023-07-19,6201
2023-07-20,6658
2023-07-21,7579
2023-07-22,6442
2023-07-23,6875
2023-07-24,5725
2023-07-25,6056
2023-07-26,6196
2023-07-27,6378
2023-07-28,7024
2023-07-29,6501
2023-07-30,7126
2023-07-31,5874
2023-08-01,6173
2023-08-02,6099
2023-08-03,6326
2023-08-04,6883
2023-08-05,6868
2023-08-06,6655
2023-08-07,6171
2023-08-08,5707
2023-08-09,6225
2023-08-10,6829
2023-08-11,7303
2023-08-12,6824
2023-08-13,6672
2023-08-14,5516
2023-08-15,6142
2023-08-16,6491
2023-08-17,6375
2023-08-18,6867
2023-08-19,6199
2023-08-20,6669
2023-08-21,5773
2023-08-22,6316
2023-08-23,6311
2023-08-24,6543
2023-08-25,7052
2023-08-26,6644
2023-08-27,7246
2023-08-28,5837
2023-08-29,5541
2023-08-30,6021
2023-08-31,6280
2023-09-01,6666
2023-09-02,6571
2023-09-03,6537
2023-09-04,5492
2023-09-05,5944
2023-09-06,5716
2023-09-07,6553
2023-09-08,6636
2023-09-09,6464
2023-09-10,6497
2023-09-11,5531
2023-09-12,5771
2023-09-13,5947
2023-09-14,5989
2023-09-15,6529
2023-09-16,7009
2023-09-17,6450
2023-09-18,5642
2023-09-19,5363
2023-09-20,5801
2023-09-21,6124
2023-09-22,6908
2023-09-23,5830
2023-09-24,6599
2023-09-25,5285
2023-09-26,5747
2023-09-27,5646
2023-09-28,5967
2023-09-29,6731
2023-09-30,6207
2023-10-01,5525
2023-10-02,4519
2023-10-03,4554
2023-10-04,5195
2023-10-05,5028
2023-10-06,5783
2023-10-07,5664
2023-10-08,5498
2023-10-09,4579
2023-10-10,4905
2023-10-11,5213
2023-10-12,5052
2023-10-13,5789
2023-10-14,5184
2023-10-15,5541
2023-10-16,4721
2023-10-17,4721
2023-10-18,4936
2023-10-19,5008
2023-10-20,5835
2023-10-21,5722
2023-10-22,5403
2023-10-23,4613
2023-10-24,4952
2023-10-25,5229
2023-10-26,4992
2023-10-27,5785
2023-10-28,5573
2023-10-29,5599
2023-10-30,4307
2023-10-31,4951
2023-11-01,4254
2023-11-02,4259
2023-11-03,4517
2023-11-04,4363
2023-11-05,4804
2023-11-06,3918
2023-11-07,4006
2023-11-08,4090
2023-11-09,4143
2023-11-10,4653
2023-11-11,4431
2023-11-12,4611
2023-11-13,3998
2023-11-14,4072
2023-11-15,3839
2023-11-16,4275
2023-11-17,4806
2023-11-18,4540
2023-11-19,4424
2023-11-20,4184
2023-11-21,3743
2023-11-22,3886
2023-11-23,4276
2023-11-24,5033
2023-11-25,4313
2023-11-26,4482
2023-11-27,3940
2023-11-28,3916
2023-11-29,3992
2023-11-30,4325
2023-12-01,4163
2023-12-02,4051
2023-12-03,4162
2023-12-04,3378
2023-12-05,3484
2023-12-06,3582
2023-12-07,3797
2023-12-08,4132
2023-12-09,3910
2023-12-10,4148
2023-12-11,3519
2023-12-12,3266
2023-12-13,3556
2023-12-14,3643
2023-12-15,4079
2023-12-16,3966
2023-12-17,4075
2023-12-18,3329
2023-12-19,3217
2023-12-20,3435
2023-12-21,3850
2023-12-22,3728
2023-12-23,4073
2023-12-24,4054
2023-12-25,3496
2023-12-26,3424
2023-12-27,3298
2023-12-28,3789
2023-12-29,4308
2023-12-30,4037
2023-12-31,3889
2024-01-01,3546
2024-01-02,3580
2024-01-03,3653
2024-01-04,4081
2024-01-05,4180
2024-01-06,4008
2024-01-07,4049
2024-01-08,3351
2024-01-09,3667
2024-01-10,3914
2024-01-11,3923
2024-01-12,4133
2024-01-13,4259
2024-01-14,4461
2024-01-15,3455
2024-01-16,3587
2024-01-17,3829
2024-01-18,4173
2024-01-19,4283
2024-01-20,3944
2024-01-21,4305
2024-01-22,3634
2024-01-23,3649
2024-01-24,3687
2024-01-25,4086
2024-01-26,4443
2024-01-27,4026
2024-01-28,4219
2024-01-29,3368
2024-01-30,3736
2024-01-31,3726
2024-02-01,4553
2024-02-02,5102
2024-02-03,4851
2024-02-04,5087
2024-02-05,4225
2024-02-06,4248
2024-02-07,4521
2024-02-08,4689
2024-02-09,5032
2024-02-10,4823
2024-02-11,4906
2024-02-12,4213
2024-02-13,4217
2024-02-14,4343
2024-02-15,4942
2024-02-16,5276
2024-02-17,4715
2024-02-18,5031
2024-02-19,4157
2024-02-20,4330
2024-02-21,4425
2024-02-22,4816
2024-02-23,5170
2024-02-24,4833
2024-02-25,5112
2024-02-26,4173
2024-02-27,4290
2024-02-28,4452
2024-02-29,4609
2024-03-01,5490
2024-03-02,5097
2024-03-03,5159
2024-03-04,4292
2024-03-05,4366
2024-03-06,4585
2024-03-07,4937
2024-03-08,5508
2024-03-09,5155
2024-03-10,4862
2024-03-11,4692
2024-03-12,4764
2024-03-13,4805
2024-03-14,5299
2024-03-15,5300
2024-03-16,5548
2024-03-17,5120
2024-03-18,4484
2024-03-19,4384
2024-03-20,4733
2024-03-21,5035
2024-03-22,5458
2024-03-23,5334
2024-03-24,5317
2024-03-25,4366
2024-03-26,4498
2024-03-27,4865
2024-03-28,4854
2024-03-29,5664
2024-03-30,5427
2024-03-31,4989
2024-04-01,4912
2024-04-02,5227
2024-04-03,5070
2024-04-04,5388
2024-04-05,6042
2024-04-06,5475
2024-04-07,5665
2024-04-08,4507
2024-04-09,4899
2024-04-10,5114
2024-04-11,5373
2024-04-12,6047
2024-04-13,5379
2024-04-14,5524
2024-04-15,5038
2024-04-16,4850
2024-04-17,5061
2024-04-18,5265
2024-04-19,5662
2024-04-20,5843
2024-04-21,5525
2024-04-22,4538
2024-04-23,4798
2024-04-24,4674
2024-04-25,5157
2024-04-26,5633
2024-04-27,5648
2024-04-28,5496
2024-04-29,4871
2024-04-30,5114
2024-05-01,5371
2024-05-02,5449
2024-05-03,6095
2024-05-04,5444
2024-05-05,5828
2024-05-06,4767
2024-05-07,5195
2024-05-08,5699
2024-05-09,5586
2024-05-10,5642
2024-05-11,5679
2024-05-12,5881
2024-05-13,4930
2024-05-14,4942
2024-05-15,5273
2024-05-16,5251
2024-05-17,5864
2024-05-18,5881
2024-05-19,5648
2024-05-20,5007
2024-05-21,4829
2024-05-22,5551
2024-05-23,5341
2024-05-24,6018
2024-05-25,5818
2024-05-26,5740
2024-05-27,4939
2024-05-28,5174
2024-05-29,5404
2024-05-30,5642
2024-05-31,6029
2024-06-01,6647
2024-06-02,7362
2024-06-03,5899
2024-06-04,5701
2024-06-05,6095
2024-06-06,6302
2024-06-07,7012
2024-06-08,6393
2024-06-09,6704
2024-06-10,6071
2024-06-11,6011
2024-06-12,5544
2024-06-13,6649
2024-06-14,7314
2024-06-15,6597
2024-06-16,6973
2024-06-17,5537
2024-06-18,5794
2024-06-19,6392
2024-06-20,6317
2024-06-21,6584
2024-06-22,6666
2024-06-23,6784
2024-06-24,5949
2024-06-25,5894
2024-06-26,5984
2024-06-27,6610
2024-06-28,7075
2024-06-29,6505
2024-06-30,7077
2024-07-01,5758
2024-07-02,5903
2024-07-03,6123
2024-07-04,6150
2024-07-05,6928
2024-07-06,6694
2024-07-07,6768
2024-07-08,5974
2024-07-09,5947
2024-07-10,6267
2024-07-11,6391
2024-07-12,7319
2024-07-13,6786
2024-07-14,6818
2024-07-15,5717
2024-07-16,5705
2024-07-17,6193
2024-07-18,6380
2024-07-19,6934
2024-07-20,6952
2024-07-21,6517
2024-07-22,5635
2024-07-23,6114
2024-07-24,6152
2024-07-25,6378
2024-07-26,7120
2024-07-27,6735
2024-07-28,6453
2024-07-29,5650
2024-07-30,6236
2024-07-31,5944
2024-08-01,6585
2024-08-02,7217
2024-08-03,6955
2024-08-04,6958
2024-08-05,6063
2024-08-06,6194
2024-08-07,6514
2024-08-08,6414
2024-08-09,7269
2024-08-10,6921
2024-08-11,7216
2024-08-12,5796
2024-08-13,6349
2024-08-14,6605
2024-08-15,6429
2024-08-16,7230
2024-08-17,6846
2024-08-18,7757
2024-08-19,5872
2024-08-20,6513
2024-08-21,6061
2024-08-22,6428
2024-08-23,7180
2024-08-24,6770
2024-08-25,7036
2024-08-26,5814
2024-08-27,5975
2024-08-28,6599
2024-08-29,6944
2024-08-30,7601
2024-08-31,7104
2024-09-01,6616
2024-09-02,5439
2024-09-03,5521
2024-09-04,5963
2024-09-05,5929
2024-09-06,6593
2024-09-07,6738
2024-09-08,7033
2024-09-09,5611
2024-09-10,5933
2024-09-11,5837
2024-09-12,5893
2024-09-13,6977
2024-09-14,6606
2024-09-15,6611
2024-09-16,5488
2024-09-17,5904
2024-09-18,5685
2024-09-19,6015
2024-09-20,6589
2024-09-21,6496
2024-09-22,6344
2024-09-23,5402
2024-09-24,5570
2024-09-25,5834
2024-09-26,5861
2024-09-27,6851
2024-09-28,6760
2024-09-29,6626
2024-09-30,5833
2024-10-01,5113
2024-10-02,5173
2024-10-03,5302
2024-10-04,5846
2024-10-05,5688
2024-10-06,5563
2024-10-07,4422
2024-10-08,4969
2024-10-09,4837
2024-10-10,5110
2024-10-11,5842
2024-10-12,5521
2024-10-13,5362
2024-10-14,4761
2024-10-15,5050
2024-10-16,4837
2024-10-17,5523
2024-10-18,5523
2024-10-19,5950
2024-10-20,5559
2024-10-21,4758
2024-10-22,4561
2024-10-23,5025
2024-10-24,5330
2024-10-25,5824
2024-10-26,5430
2024-10-27,5453
2024-10-28,4921
2024-10-29,4890
2024-10-30,5308
2024-10-31,5190
2024-11-01,4868
2024-11-02,4821
2024-11-03,4502
2024-11-04,3836
2024-11-05,4292
2024-11-06,4087
2024-11-07,4190
2024-11-08,5267
2024-11-09,4459
2024-11-10,4804
2024-11-11,4015
2024-11-12,3727
2024-11-13,4222
2024-11-14,4545
2024-11-15,5005
2024-11-16,4836
2024-11-17,4708
2024-11-18,4106
2024-11-19,4034
2024-11-20,4051
2024-11-21,4271
2024-11-22,4690
2024-11-23,4853
2024-11-24,4520
2024-11-25,4044
2024-11-26,4095
2024-11-27,4246
2024-11-28,4688
2024-11-29,4867
2024-11-30,4788
2024-12-01,4274
2024-12-02,3563
2024-12-03,3994
2024-12-04,3619
2024-12-05,4182
2024-12-06,4522
2024-12-07,4122
2024-12-08,4512
2024-12-09,3351
2024-12-10,3629
2024-12-11,3650
2024-12-12,4059
2024-12-13,4249
2024-12-14,4256
2024-12-15,4240
2024-12-16,3522
2024-12-17,3747
2024-12-18,3775
2024-12-19,3849
2024-12-20,4854
2024-12-21,4121
2024-12-22,3937
2024-12-23,3477
2024-12-24,3533
2024-12-25,3921
2024-12-26,4047
2024-12-27,4482
2024-12-28,4138
2024-12-29,4227
2024-12-30,3536
2024-12-31,3686
2025-01-01,4130
2025-01-02,4263
2025-01-03,4736
2025-01-04,4491
2025-01-05,4633
2025-01-06,3810
2025-01-07,3941
2025-01-08,4180
2025-01-09,4115
2025-01-10,4515
2025-01-11,4231
2025-01-12,4523
2025-01-13,3527
2025-01-14,3955
2025-01-15,3997
2025-01-16,4381
2025-01-17,4545
2025-01-18,4383
2025-01-19,4671
2025-01-20,3955
2025-01-21,3800
2025-01-22,4038
2025-01-23,4257
2025-01-24,4716
2025-01-25,4373
2025-01-26,4696
2025-01-27,3522
2025-01-28,3835
2025-01-29,4076
2025-01-30,4281
2025-01-31,4875
2025-02-01,5243
2025-02-02,5072
2025-02-03,4495
2025-02-04,4326
2025-02-05,4723
2025-02-06,5107
2025-02-07,5532
2025-02-08,5050
2025-02-09,5064
2025-02-10,4070
2025-02-11,4485
2025-02-12,4396
2025-02-13,4670
2025-02-14,5085
2025-02-15,4951
2025-02-16,5118
2025-02-17,4341
2025-02-18,4344
2025-02-19,4745
2025-02-20,4768
2025-02-21,5160
2025-02-22,5072
2025-02-23,5475
2025-02-24,4350
2025-02-25,4381
2025-02-26,4330
2025-02-27,4766
2025-02-28,5350
2025-03-01,5257
2025-03-02,5110
2025-03-03,4419
2025-03-04,4939
2025-03-05,5088
2025-03-06,4929
2025-03-07,5752
2025-03-08,5109
2025-03-09,5693
2025-03-10,4593
2025-03-11,4856
2025-03-12,4554
2025-03-13,5208
2025-03-14,5619
2025-03-15,5488
2025-03-16,5600
2025-03-17,4565
2025-03-18,4601
2025-03-19,4977
2025-03-20,5076
2025-03-21,5448
2025-03-22,5158
2025-03-23,5146
2025-03-24,4473
2025-03-25,4881
2025-03-26,4875
2025-03-27,4993
2025-03-28,5778
2025-03-29,5174
2025-03-30,5444
2025-03-31,4526
2025-04-01,5288
2025-04-02,5014
2025-04-03,5407
2025-04-04,5803
2025-04-05,5785
2025-04-06,6196
2025-04-07,4900
2025-04-08,5056
2025-04-09,5469
2025-04-10,5781
2025-04-11,6137
2025-04-12,5978
2025-04-13,5720
2025-04-14,5229
2025-04-15,5535
2025-04-16,5404
2025-04-17,5166
2025-04-18,6036
2025-04-19,5963
2025-04-20,5856
2025-04-21,5211
2025-04-22,5254
2025-04-23,5176
2025-04-24,5579
2025-04-25,5964
2025-04-26,5800
2025-04-27,5828
2025-04-28,5194
2025-04-29,5529
2025-04-30,5041
2025-05-01,5257
2025-05-02,6173
2025-05-03,5590
2025-05-04,6021
2025-05-05,5178
2025-05-06,5479
2025-05-07,5405
2025-05-08,5598
2025-05-09,5795
2025-05-10,5910
2025-05-11,6027
2025-05-12,5158
2025-05-13,5077
2025-05-14,5286
2025-05-15,5344
2025-05-16,5727
2025-05-17,5675
2025-05-18,5681
2025-05-19,5105
2025-05-20,5112
2025-05-21,5266
2025-05-22,5442
2025-05-23,5522
2025-05-24,6216
2025-05-25,5801
2025-05-26,4973
2025-05-27,4941
2025-05-28,5550
2025-05-29,5664
2025-05-30,6046
2025-05-31,5823
2025-06-01,6745
2025-06-02,5334
2025-06-03,5483
2025-06-04,5501
2025-06-05,5577
2025-06-06,6562
2025-06-07,6329
2025-06-08,6616
2025-06-09,4926
2025-06-10,5301
2025-06-11,5573
2025-06-12,5972
2025-06-13,6565
2025-06-14,6231
2025-06-15,6462
2025-06-16,5178
2025-06-17,5698
2025-06-18,5775
2025-06-19,5906
2025-06-20,6968
2025-06-21,6598
2025-06-22,6579
2025-06-23,4782
2025-06-24,5823
2025-06-25,5847
2025-06-26,6392
2025-06-27,6884
2025-06-28,6603
2025-06-29,6567
2025-06-30,5600
2025-07-01,6497
2025-07-02,6309
2025-07-03,6213
2025-07-04,7185
2025-07-05,6981
2025-07-06,7031
2025-07-07,5629
2025-07-08,5727
2025-07-09,6099
2025-07-10,6760
2025-07-11,7665
2025-07-12,7108
2025-07-13,7272
2025-07-14,5869
2025-07-15,5703
2025-07-16,6162
2025-07-17,6515
2025-07-18,7137
2025-07-19,6901
2025-07-20,7121
2025-07-21,6061
2025-07-22,6014
2025-07-23,5844
2025-07-24,6463
2025-07-25,7274
2025-07-26,7182
2025-07-27,6873
2025-07-28,5991
2025-07-29,6135
2025-07-30,6271
2025-07-31,6789
2025-08-01,7053
2025-08-02,6709
2025-08-03,6968
2025-08-04,5720
2025-08-05,6145
2025-08-06,6069
2025-08-07,6587
2025-08-08,7195
2025-08-09,6898
2025-08-10,6859
2025-08-11,5781
2025-08-12,6058
2025-08-13,6268
2025-08-14,6534
2025-08-15,7651
2025-08-16,6609
2025-08-17,6955
2025-08-18,5528
2025-08-19,6116
2025-08-20,5981
2025-08-21,6472
2025-08-22,7126
2025-08-23,6914
2025-08-24,6836
2025-08-25,5729
2025-08-26,6341
2025-08-27,6286
2025-08-28,6407
2025-08-29,7157
2025-08-30,7241
2025-08-31,6914
2025-09-01,5762
2025-09-02,5947
2025-09-03,6160
2025-09-04,6458
2025-09-05,6960
2025-09-06,6637
2025-09-07,6831
2025-09-08,6026
2025-09-09,6011
2025-09-10,6236
2025-09-11,6888
2025-09-12,7616
2025-09-13,6841
2025-09-14,6879
2025-09-15,5726
2025-09-16,6240
2025-09-17,6236
2025-09-18,6506
2025-09-19,7079
2025-09-20,6723
2025-09-21,7114
2025-09-22,5632
2025-09-23,6305
2025-09-24,6164
2025-09-25,6561
2025-09-26,6945
2025-09-27,6906
2025-09-28,6954
2025-09-29,5894
2025-09-30,6406
2025-10-01,5145
2025-10-02,5219
2025-10-03,5784
2025-10-04,5742
2025-10-05,5987
2025-10-06,4854
2025-10-07,5079
2025-10-08,5222
2025-10-09,5635
2025-10-10,5526
2025-10-11,5756
2025-10-12,5924
2025-10-13,4581
2025-10-14,4806
2025-10-15,4961
2025-10-16,5232
2025-10-17,5831
2025-10-18,5672
2025-10-19,5900
2025-10-20,4988
2025-10-21,4814
2025-10-22,4962
2025-10-23,5616
2025-10-24,6065
2025-10-25,5641
2025-10-26,5822
2025-10-27,4801
2025-10-28,5051
2025-10-29,5053
2025-10-30,5419
2025-10-31,5618
2025-11-01,5049
2025-11-02,5143
2025-11-03,4363
2025-11-04,4414
2025-11-05,4615
2025-11-06,4677
2025-11-07,5561
2025-11-08,5159
2025-11-09,4953
2025-11-10,4292
2025-11-11,4616
2025-11-12,4614
2025-11-13,4818
2025-11-14,5442
2025-11-15,5236
2025-11-16,5003
2025-11-17,4506
2025-11-18,4434
2025-11-19,4700
2025-11-20,4932
2025-11-21,5355
2025-11-22,4988
2025-11-23,5215
2025-11-24,4673
2025-11-25,4345
2025-11-26,4982
2025-11-27,4894
2025-11-28,5463
2025-11-29,4977
2025-11-30,5125
2025-12-01,3607
2025-12-02,3650
2025-12-03,3878
2025-12-04,4043
2025-12-05,4825
2025-12-06,4121
2025-12-07,4391
2025-12-08,3704
2025-12-09,3647
2025-12-10,4000
2025-12-11,4044
2025-12-12,4136
2025-12-13,4396
2025-12-14,4204
2025-12-15,3537
2025-12-16,3880
2025-12-17,3859
2025-12-18,4233
2025-12-19,4723
2025-12-20,4200
2025-12-21,4496
2025-12-22,3575
2025-12-23,4085
2025-12-24,3811
2025-12-25,4249
2025-12-26,4665
2025-12-27,4344
2025-12-28,4272
2025-12-29,3652
2025-12-30,3503
2025-12-31,3937
